-- phpMyAdmin SQL Dump
-- version 5.0.2
-- https://www.phpmyadmin.net/
--
-- Servidor: 127.0.0.1
-- Tiempo de generación: 04-11-2020 a las 18:44:53
-- Versión del servidor: 10.4.14-MariaDB
-- Versión de PHP: 7.4.9

SET SQL_MODE = "NO_AUTO_VALUE_ON_ZERO";
START TRANSACTION;
SET time_zone = "+00:00";


/*!40101 SET @OLD_CHARACTER_SET_CLIENT=@@CHARACTER_SET_CLIENT */;
/*!40101 SET @OLD_CHARACTER_SET_RESULTS=@@CHARACTER_SET_RESULTS */;
/*!40101 SET @OLD_COLLATION_CONNECTION=@@COLLATION_CONNECTION */;
/*!40101 SET NAMES utf8mb4 */;

--
-- Base de datos: `technicaldb`
--

DELIMITER $$
--
-- Procedimientos
--
CREATE DEFINER=`root`@`localhost` PROCEDURE `activa_producto` (IN `codProd` VARCHAR(15))  BEGIN    
  UPDATE producto 
    SET activo = 1
    WHERE codigo = codProd;
END$$

CREATE DEFINER=`root`@`localhost` PROCEDURE `actualiza_categoria` (IN `codCat` TINYINT(4), IN `nombre` VARCHAR(20))  BEGIN    
  UPDATE categoria 
    SET tipo = nombre
    WHERE codigo = codCat;
END$$

CREATE DEFINER=`root`@`localhost` PROCEDURE `actualiza_persona` (IN `rut` VARCHAR(9), IN `nom` VARCHAR(30), IN `giro` VARCHAR(50), IN `region` INT(11), IN `provincia` INT(11), IN `comuna` INT(11), IN `direccion` VARCHAR(40), IN `fono` VARCHAR(9), IN `mail` TEXT, IN `tipo` VARCHAR(1))  BEGIN    
	IF tipo = 'P' THEN
    	UPDATE proveedores
        SET nombre_proveedor = nom, giro_proveedor = giro, region_proveedor = region, 
            provincia_proveedor = provincia, comuna_proveedor = comuna, direccion_proveedor = direccion,
            fono_proveedor = fono, mail_proveedor = mail
        WHERE codigo_proveedor = rut ;
    ELSE
    	UPDATE clientes
        SET nombre_cliente = nom, giro_cliente = giro, region_cliente = region, 
            provincia_cliente = provincia, comuna_cliente = comuna, direccion_cliente = direccion,
            fono_cliente = fono, mail_cliente = mail
        WHERE codigo_cliente = rut ;
    END IF;
	
END$$

CREATE DEFINER=`root`@`localhost` PROCEDURE `actualiza_producto` (IN `codProd` VARCHAR(15), IN `nomProd` VARCHAR(50), IN `descProd` TEXT, IN `categ` TINYINT(4), IN `stock` SMALLINT(6), IN `stockC` TINYINT(4), IN `precioV` MEDIUMINT(9), IN `activo` TINYINT(1))  BEGIN    
	UPDATE producto 
    SET nombre = nomProd, descripcion = descProd, categoria = categ, 
        stock = stock, stockCritico = stockC,
        precioVenta = precioV, activo = activo
    WHERE codigo = codProd ;
END$$

CREATE DEFINER=`root`@`localhost` PROCEDURE `actualiza_servicio` (IN `codServ` VARCHAR(15), IN `nomServ` VARCHAR(50), IN `descServ` TEXT, IN `precioV` MEDIUMINT(9))  BEGIN    
	UPDATE servicio
    SET nombre = nomServ, descripcion = descServ, precioVenta = precioV
    WHERE codigo = codServ ;
END$$

CREATE DEFINER=`root`@`localhost` PROCEDURE `baja_producto` (IN `codProd` VARCHAR(15))  BEGIN    
  UPDATE producto 
    SET activo = 0
    WHERE codigo = codProd;
END$$

CREATE DEFINER=`root`@`localhost` PROCEDURE `busca_categorias` ()  BEGIN    
  SELECT codigo, tipo FROM categoria;
END$$

CREATE DEFINER=`root`@`localhost` PROCEDURE `busca_cliente` (IN `rut` VARCHAR(9))  BEGIN 
  SELECT c.codigo_cliente AS rut,
  	     c.nombre_cliente AS nombre,
         c.giro_cliente AS giro,
         r.region AS region,
         p.provincia AS provincia,
         x.comuna AS comuna,
         c.direccion_cliente AS direccion,
         c.fono_cliente AS contacto,
         c.mail_cliente AS email,
         'C' AS tipo
    FROM clientes AS c
    INNER JOIN regiones AS r ON c.region_cliente = r.id
    INNER JOIN provincias AS p ON c.provincia_cliente = p.id 
    INNER JOIN comunas AS x ON c.comuna_cliente = x.id 
    WHERE codigo_cliente = rut;
END$$

CREATE DEFINER=`root`@`localhost` PROCEDURE `busca_clientes` ()  BEGIN 
  SELECT codigo_cliente AS rut,
  	     nombre_cliente AS nombre,
         giro_cliente AS giro,
         region_cliente AS region,
         provincia_cliente AS provincia,
         comuna_cliente AS comuna,
         direccion_cliente AS direccion,
         fono_cliente AS contacto,
         mail_cliente AS email,
         'C' AS tipo
    FROM clientes;
END$$

CREATE DEFINER=`root`@`localhost` PROCEDURE `busca_clientes_por_rut` (IN `rut` VARCHAR(9))  BEGIN   
  SELECT codigo_cliente AS rut,
  	     nombre_cliente AS nombre,
         giro_cliente AS giro, 
         region_cliente AS region,
         provincia_cliente AS provincia,
         direccion_cliente AS direccion,
         fono_cliente AS contacto,
         mail_cliente AS email,
         'C' AS tipo
    FROM clientes 
    WHERE codigo_cliente LIKE rut
    LIMIT 5;
END$$

CREATE DEFINER=`root`@`localhost` PROCEDURE `busca_comunas_por_provincia` (IN `codProv` INT(11))  BEGIN    		
	SELECT id, comuna FROM comunas WHERE provincia_id = codProv;
END$$

CREATE DEFINER=`root`@`localhost` PROCEDURE `busca_lista_producto` ()  BEGIN    
  SELECT p.codigo, p.nombre, p.descripcion, 
  		 p.categoria AS tipo, p.stock, p.stockCritico, 
         MAX(r.precio) AS precioCompra, p.precioVenta, p.activo
       FROM producto AS p  
       INNER JOIN precio AS r ON r.codigo_producto = p.codigo
       WHERE p.activo = true
       GROUP BY p.codigo;
END$$

CREATE DEFINER=`root`@`localhost` PROCEDURE `busca_producto` (IN `codProd` VARCHAR(15))  BEGIN          
  SELECT p.nombre, p.descripcion, c.tipo, 
  		 p.stock, p.stockCritico, MAX(r.precio) AS precioCompra, 
         p.precioVenta, 
         p.activo, p.codigo
    FROM producto AS p
    INNER JOIN precio AS r ON p.codigo = r.codigo_producto
    INNER JOIN categoria AS c ON p.categoria = c.codigo 
    WHERE p.codigo = codProd
      AND p.activo = true
    GROUP BY p.codigo;
END$$

CREATE DEFINER=`root`@`localhost` PROCEDURE `busca_productos_inactivos` ()  BEGIN    
  SELECT p.codigo, p.nombre, c.tipo, p.stock
       FROM producto AS p
       LEFT JOIN categoria AS c ON p.categoria = c.codigo 
       WHERE p.activo = false;
END$$

CREATE DEFINER=`root`@`localhost` PROCEDURE `busca_productos_por_categoria` (IN `codCat` TINYINT(4))  BEGIN    
  SELECT p.nombre, p.descripcion, p.categoria AS tipo, 
         p.stock, p.stockCritico, MAX(r.precio) AS precioCompra, 
         p.precioVenta, 
         p.activo, p.codigo
    FROM producto AS p
    INNER JOIN precio AS r ON p.codigo = r.codigo_producto
    WHERE p.activo = true AND p.categoria = codCat
    GROUP BY p.codigo;
END$$

CREATE DEFINER=`root`@`localhost` PROCEDURE `busca_proveedor` (IN `rut` VARCHAR(9))  BEGIN      
  SELECT p.codigo_proveedor AS rut,
  	     p.nombre_proveedor AS nombre,
         p.giro_proveedor AS giro,
         r.region AS region,
         x.provincia AS provincia,
         c.comuna AS comuna,
         p.direccion_proveedor AS direccion,
         p.fono_proveedor AS contacto,
         p.mail_proveedor AS email,
         'P' AS tipo
    FROM proveedores AS p
    INNER JOIN regiones AS r ON p.region_proveedor = r.id
    INNER JOIN provincias AS x ON p.provincia_proveedor = x.id 
    INNER JOIN comunas AS c ON p.comuna_proveedor = c.id 
    WHERE p.codigo_proveedor = rut;
END$$

CREATE DEFINER=`root`@`localhost` PROCEDURE `busca_proveedores` ()  BEGIN     
  SELECT codigo_proveedor AS rut,
  	     nombre_proveedor AS nombre,
         giro_proveedor AS giro,
         region_proveedor AS region,
         provincia_proveedor AS provincia,
         comuna_proveedor AS comuna,
         direccion_proveedor AS direccion,
         fono_proveedor AS contacto,
         mail_proveedor AS email,
         'P' AS tipo
    FROM proveedores; 
END$$

CREATE DEFINER=`root`@`localhost` PROCEDURE `busca_proveedores_por_rut` (IN `rut` VARCHAR(9))  BEGIN     
  SELECT codigo_proveedor AS rut,
  	     nombre_proveedor AS nombre,
         giro_proveedor AS giro,
         region_proveedor AS region,
         provincia_proveedor AS provincia,
         comuna_proveedor AS comuna,
         direccion_proveedor AS direccion,
         fono_proveedor AS contacto,
         mail_proveedor AS email,
         'P' AS tipo
    FROM proveedores
    WHERE codigo_proveedor LIKE rut
    LIMIT 5; 
END$$

CREATE DEFINER=`root`@`localhost` PROCEDURE `busca_provincias_por_region` (IN `codReg` INT(11))  BEGIN
	SELECT id, provincia FROM provincias WHERE region_id = codReg;
END$$

CREATE DEFINER=`root`@`localhost` PROCEDURE `busca_regiones` ()  BEGIN    
  SELECT id, abreviatura, region, capital FROM regiones;
END$$

CREATE DEFINER=`root`@`localhost` PROCEDURE `busca_servicio` (IN `codServ` VARCHAR(15))  BEGIN    
  SELECT nombre, descripcion,
         precioVenta, codigo
    FROM servicio 
    WHERE codigo = codServ;
END$$

CREATE DEFINER=`root`@`localhost` PROCEDURE `busca_servicios` ()  BEGIN    
  SELECT * FROM servicio;
END$$

CREATE DEFINER=`root`@`localhost` PROCEDURE `busca_todo_productos` ()  BEGIN    
  SELECT p.codigo, p.nombre, p.descripcion, 
  		 c.tipo, p.stock, p.stockCritico, 
         MAX(r.precio) AS precioCompra, p.precioVenta, p.activo
       FROM producto AS p  
       INNER JOIN precio AS r ON r.codigo_producto = p.codigo
       INNER JOIN categoria AS c ON p.categoria = c.codigo 
       WHERE p.activo = true
       GROUP BY p.codigo;     
END$$

CREATE DEFINER=`root`@`localhost` PROCEDURE `busca_ultima_factura` ()  BEGIN    
  SELECT MAX(codigo_factura_venta) AS cod FROM factura_venta;
END$$

CREATE DEFINER=`root`@`localhost` PROCEDURE `insert_categoria` (IN `nombre` VARCHAR(20))  BEGIN    
  INSERT INTO categoria(tipo) 
    VALUES (nombre);
END$$

CREATE DEFINER=`root`@`localhost` PROCEDURE `insert_detalle_fc` (IN `codFac` VARCHAR(15), IN `codProv` VARCHAR(9), IN `codProd` VARCHAR(15), IN `cant` SMALLINT(3), IN `precioCompra` MEDIUMINT(6), IN `subtotal` MEDIUMINT(6))  BEGIN    
  DECLARE newCant SMALLINT(3); 
  DECLARE newPrice MEDIUMINT(6); 
  DECLARE tasa DECIMAL(10,2);
  DECLARE maxPrecio MEDIUMINT(6);
  
  INSERT INTO detalle_factura_compra
  VALUES (codFac, codProv, codProd, cant, precioCompra, subtotal);
  
  SELECT stock, tasaCambio INTO newCant, tasa FROM producto 
    WHERE codigo = codProd;
    
  SELECT MAX(precio) INTO maxPrecio FROM precio 
  	WHERE codigo_producto = codProd;
  
  IF precioCompra < maxPrecio THEN
  	SET newPrice = maxPrecio + maxPrecio * (tasa / 100);
  ELSE
  	SET newPrice = precioCompra + precioCompra * (tasa / 100);
  END IF;
  
  SET newCant = newCant + cant;
	
  INSERT INTO precio (codigo_producto, fecha, precio)
	VALUES (codProd, CURDATE(), precioCompra);
  
  UPDATE producto SET stock = newCant,
  				      precioVenta = newPrice
    WHERE codigo = codProd; 
END$$

CREATE DEFINER=`root`@`localhost` PROCEDURE `insert_detalle_fv` (IN `codFac` INT(5), IN `codCli` VARCHAR(9), IN `codProd` VARCHAR(15), IN `tipo` VARCHAR(1), IN `cant` SMALLINT(3), IN `precioVenta` MEDIUMINT(6), IN `subtotal` MEDIUMINT(6))  BEGIN    
  DECLARE newCant SMALLINT(3); 
  INSERT INTO detalle_factura_venta
  VALUES (codFac, codCli, codProd, cant, tipo, precioVenta, subtotal);
  IF tipo = "P" THEN
      SELECT stock INTO newCant FROM producto 
        WHERE codigo = codProd;

      SET newCant = newCant - cant;

      UPDATE producto SET stock = newCant 
        WHERE codigo = codProd; 
  END IF;
END$$

CREATE DEFINER=`root`@`localhost` PROCEDURE `insert_fact_compra` (IN `codFac` VARCHAR(15), IN `codProv` VARCHAR(9), IN `fecha` DATE, IN `hora` TIME, IN `neto` MEDIUMINT(6), IN `iva` MEDIUMINT(6), IN `total` MEDIUMINT(6))  BEGIN     
  INSERT INTO factura_compra
  VALUES (codFac, codProv, fecha, hora, neto, iva, total);
END$$

CREATE DEFINER=`root`@`localhost` PROCEDURE `insert_fact_venta` (IN `codFac` INT(5), IN `codProv` VARCHAR(9), IN `fecha` DATE, IN `hora` TIME, IN `neto` MEDIUMINT(6), IN `iva` MEDIUMINT(6), IN `total` MEDIUMINT(6))  BEGIN     
  INSERT INTO factura_venta
  VALUES (codFac, codProv, fecha, hora, neto, iva, total);
END$$

CREATE DEFINER=`root`@`localhost` PROCEDURE `insert_persona` (IN `rut` VARCHAR(9), IN `nom` VARCHAR(30), IN `giro` VARCHAR(50), IN `region` INT(11), IN `provincia` INT(11), IN `comuna` INT(11), IN `direccion` VARCHAR(40), IN `fono` VARCHAR(9), IN `mail` TEXT, IN `tipo` VARCHAR(1))  BEGIN    
	IF tipo = "P" THEN
  		INSERT INTO proveedores VALUES (rut,nom,giro,region,provincia,comuna,direccion,fono,mail);
  	ELSE 
    	INSERT INTO clientes VALUES (rut,nom,giro,region,provincia,comuna,direccion,fono,mail);
	END IF;
END$$

CREATE DEFINER=`root`@`localhost` PROCEDURE `insert_producto` (IN `codProd` VARCHAR(15), IN `nomProd` VARCHAR(50), IN `descProd` TEXT, IN `categ` TINYINT(4), IN `stock` SMALLINT(6), IN `stockC` TINYINT(4), IN `precioC` MEDIUMINT(9), IN `tasaCambio` DECIMAL(10,2), IN `precioV` MEDIUMINT(9))  BEGIN    
  INSERT INTO producto VALUES (codProd,nomProd,descProd,categ,stock,stockC,tasaCambio,precioV,1);
  INSERT INTO precio (codigo_producto, fecha, precio)
VALUES (codProd, CURDATE(), precioC);
END$$

CREATE DEFINER=`root`@`localhost` PROCEDURE `insert_servicio` (IN `codServ` VARCHAR(15), IN `nomServ` VARCHAR(50), IN `descServ` TEXT, IN `precioV` MEDIUMINT(9))  BEGIN    
  INSERT INTO servicio VALUES (codServ,nomServ,descServ,precioV);
END$$

DELIMITER ;

-- --------------------------------------------------------

--
-- Estructura de tabla para la tabla `categoria`
--

CREATE TABLE `categoria` (
  `codigo` tinyint(4) NOT NULL,
  `tipo` varchar(20) NOT NULL
) ENGINE=InnoDB DEFAULT CHARSET=utf8mb4;

--
-- Volcado de datos para la tabla `categoria`
--

INSERT INTO `categoria` (`codigo`, `tipo`) VALUES
(1, 'ALEACIONES'),
(2, 'HERRAMIENTAS'),
(6, 'LUBRICANTES'),
(7, 'REPUESTOS ELECTRICOS'),
(8, 'PERNOS'),
(9, 'PARCHES'),
(10, 'LIQUIDOS VULCANIZANT'),
(11, 'MAQUINAS'),
(12, 'VÁLVULAS'),
(13, 'CONTRAPESOS'),
(14, 'ACEITES'),
(15, 'FILTROS');

-- --------------------------------------------------------

--
-- Estructura de tabla para la tabla `clientes`
--

CREATE TABLE `clientes` (
  `codigo_cliente` varchar(9) NOT NULL,
  `nombre_cliente` varchar(30) NOT NULL,
  `giro_cliente` varchar(50) NOT NULL,
  `region_cliente` int(11) NOT NULL,
  `provincia_cliente` int(11) NOT NULL,
  `comuna_cliente` int(11) NOT NULL,
  `direccion_cliente` varchar(40) DEFAULT NULL,
  `fono_cliente` varchar(15) DEFAULT NULL,
  `mail_cliente` text DEFAULT NULL
) ENGINE=InnoDB DEFAULT CHARSET=utf8mb4;

--
-- Volcado de datos para la tabla `clientes`
--

INSERT INTO `clientes` (`codigo_cliente`, `nombre_cliente`, `giro_cliente`, `region_cliente`, `provincia_cliente`, `comuna_cliente`, `direccion_cliente`, `fono_cliente`, `mail_cliente`) VALUES
('100668203', 'Oscar Martinez', 'Servicio Tecnico', 7, 23, 86, 'Av. Trinidad 05905', '92363037', ''),
('101565637', 'Lubricentro A y E', 'Servicio', 7, 23, 94, 'Ohiggins 341, Quilicura', '9 7608  8412', 'ae.lubricentro@gmail.com'),
('101642402', 'Juan Luis Silva Ramirez', 'Lubricentro', 7, 23, 100, 'Av. Central Gonzalo Perez Llona', '7660717', ''),
('102077520', 'Felix Toro', 'Taller', 6, 18, 66, '14 Norte 1231', '', ''),
('103975085', 'Clemente del Carmen Velasquez ', 'Lubricentro', 7, 26, 125, 'Silva Chavez 1070', '228316334', 'lubrivelasquez@hotmail.com'),
('104724701', 'Pedro Antonio Insulza Escobar', 'Taller', 12, 42, 283, 'Volcan 905', '', 'fabian_rojas77@yahoo.es'),
('104878164', 'Carmen Clara Varas Z.', 'Taller', 3, 7, 17, 'Chacalluda 135', '243288', ''),
('104961991', 'Victor Manuel Tobar ', 'Serviteca', 8, 28, 151, 'Arturo Prat 340', '72-572540', ''),
('105993935', 'Alex Carriño Vega', 'Taller', 4, 9, 25, 'Av Miguel Lever 298', '9-87404950', 'vulcanización@hotmail.com'),
('107352279', 'Taller los Rios', 'Taller', 7, 27, 134, 'Esmeralda 2738', '', ''),
('107453911', 'Fermin Luengo', 'Serviteca', 6, 18, 70, 'Arturo Prat 689', '', ''),
('107630031', 'Javier Sandoval Quilican', 'Serviteca', 7, 23, 93, 'Jose Joaquin Perez 5788', '28335449', ''),
('108140178', 'Luis  Alberto Luna', 'Taller', 9, 34, 195, 'Baipas s/n', '95037803', ''),
('108777168', 'Jeannette Olivares', 'Taller', 4, 9, 23, 'Miguel Gallo 516', '214865', ''),
('109651508', 'Sandro  Pezo', 'Taller', 12, 42, 264, 'Prat 11, Carampanhue, Arauco', '9 42658795', 'sandropezor@gmail.com'),
('109675873', 'Pablo Viera Bustos ', 'Taller ', 8, 28, 138, 'CARRETERA H30, DOÑIHUE ', '984227883', 'tomsoyer101@gmail.com'),
('109748730', 'Alvaro Cancino Palacios', 'Taller', 9, 32, 184, 'Calle Atenas 222', '', 'alvaro.cancino@icloud.com'),
('111476071', 'Eduardo Cares', 'Taller', 12, 42, 268, 'Daniel Bustos', '90334795', ''),
('113728264', 'Lorenzo Campos Quiroz', 'Taller', 9, 32, 177, '10 Oriente 12 sur 92', '71-7280262', ''),
('113940336', 'Guillermo Padilla', 'Taller', 7, 23, 109, 'General Arriagada 1479', '908099336', ''),
('114921440', 'Carcenter Rancagua', 'Serviteca', 8, 28, 148, 'Rancagua', '72-213013', ''),
('115155385', 'Eliseo Saavedra ', 'Taller ', 6, 14, 46, 'av humeres 2230, cabildo', '992224852', 'saavedralinderman@hotmail.com'),
('115500554', 'Transportes Concha', 'Taller', 7, 23, 117, 'Aeropuerto 9631', '', ''),
('118178025', 'Luis Humberto Araya Ramirez', 'Taller', 3, 6, 14, 'Avda. Prat Nº 2552', '55-848972', ''),
('118401964', 'Ricardo Ponce', 'Taller', 8, 28, 148, 'Diego de Almagro 2237', '90519119', ''),
('118799453', 'Joaquin Vilches', 'Taller', 7, 23, 92, 'Recoleta 3516', '', 'joaquin.vilches@gmail.com'),
('120241508', 'Cristian Peña Opazo', 'taller', 7, 24, 118, 'Carrenleufu 5731', '62144613', ''),
('121246147', 'John Mc-cubbin', 'Taller', 3, 7, 17, 'Carlos Oviedo 3674', '73989633', ''),
('122771032', 'Isabel Riffo Benitez', 'Taller', 7, 23, 88, 'Av. El Parron 1815', '98296761', ''),
('123248589', 'Brancim Beltran', 'taller', 11, 38, 222, 'Av de los rios 476', '9-7753086', '                              '),
('123615026', 'Juan Marcelo Vasquez Beltran', 'Vulcanizacion', 12, 41, 257, 'Camino Angol Los Sauces km 1 Lote A02-8', '', 'vulcasanignacio@hotmail.com'),
('124136164', 'Patricio Andres Luciniani', 'Taller', 12, 42, 263, 'Julio Bushmann 2375', '312900', ''),
('124458870', 'Jose Vega', '', 5, 11, 30, '', '', 'vegaallservices@gmail.com'),
('124508819', 'Leiton y Araya Ltda', 'DyP', 6, 18, 66, 'Calle Cuatro 2256, Sata Ines', '32-3271315', 'gorokar@hotmail.es'),
('124680379', 'Patricio Martinez', 'Servicio Tecnico', 11, 39, 233, '', '', 'pmmqconce@yahoo.com'),
('124958970', 'Car Center Tobalaba', 'Carcenter', 7, 24, 118, 'Av. Camilo Henriquez 3692', '95055062', 'oleiva@sodimac.cl'),
('128275211', 'Beatriz Arce Espinoza', 'Taller', 6, 15, 50, 'Calle Larga 2165', '461728', ''),
('128797947', 'Nelson Alejando Martinez', 'Taller Pintura', 8, 28, 151, 'Tira Larga S/N Callejones', '9-7457565', 'tallerdepinturaneo@hotmail.com'),
('129795115', 'Pedro Vined Gonzalez', 'Taller', 7, 23, 86, '10 de Julio 307-A', '96137115', ''),
('130041035', 'Carlos Musalen Cumsille', 'Taller', 8, 29, 155, 'Cura Montenegro 49-C', '72-859359', ''),
('133340734', 'Juan Francisco Torres', 'Taller', 7, 23, 92, 'Av. El Guanaco 4569', '97768183', ''),
('135871206', 'Alejandra Osses Gomez', 'Taller', 13, 43, 284, 'Llancague Esq. Las Gaviotas S/N', '63-201011', 'fsaelectricidad@gmail.com'),
('136880799', 'Italo Villarroel', 'Serviteca', 7, 23, 86, 'Nueva Uno 1688', '', ''),
('136998528', 'Carlos Rosales Palma', 'Taller', 7, 25, 121, 'Santa Teresa 1040', '99272652', ''),
('143750795', 'Lorenzo Escobar / Ada Fuentes', 'Vulcanizacion', 7, 23, 86, 'Segunda Transversal 3063', '9862791', ''),
('144155564', 'Lavado Automotriz Linares', 'Taller', 7, 23, 108, 'Av Linares 0695', '9-45921388', 'druvihuentelican@gmail.com'),
('144322800', 'Juan Calcina', 'Taller', 3, 6, 14, 'Hernan Cortez 3159', '91381459', ''),
('145118824', 'Rodrigo Troncoso Melo ', 'Taller ', 12, 42, 263, 'Claro del Solar 1167 Temuco ', '990332273', 'trongat1680@hotmail.com'),
('145251249', 'Alberto Toloza Bustamante', 'Serviteca', 9, 33, 188, 'Chorrillos 1541', '', 'contacto@neumaticostoloza.cl'),
('145324904', 'Miguel Lizana', 'Vulcanizacion', 7, 27, 133, 'Av. Bilbao 888', '8121103', ''),
('146646387', 'Henrry Tomas Constante', 'Taller', 7, 23, 98, 'Clotario Best 2269', '', ''),
('14673796k', 'Eduardo Palacios', 'Taller', 7, 23, 86, 'Santa Rosa  7976', '', ''),
('147277903', 'Santo Chomba Becerra', 'Serviteca', 7, 23, 110, 'Americo Vespucio 0690', '(02) 25471499', 'mari.rodriguez.mr719@gmail.com'),
('14727903', 'Santos Chomba', '', 7, 25, 121, 'Colon 0160', '5471499', 'mari.rodriguez.mr719@gmail.com'),
('150267633', 'Kirby Guzman', 'Taller', 4, 9, 23, 'Maipu 894', '52-2385147', ''),
('150623553', 'Manuel Venegas Rubio', 'Taller', 6, 17, 62, 'Carrera 1907', '', 'manuelvr@hotmail.com'),
('150960142', 'Luis Yañez Vidal', '', 6, 18, 66, 'Villa Las Eucenas 3 Santa Julia', '8-2094076', ''),
('152581777', 'Daniel Sanhueza', 'taller', 12, 42, 263, 'General Cruz 401', '045-2210905', 'fullfreno.temuco@gmail.com'),
('154552758', 'Valeska Andrea Mercado Mondaca', 'Taller', 5, 11, 31, 'Bauedano 920, Coquimbo', '65035030', 'newcar.melendez@gmail.com'),
('15523827k', 'Lorena Bustamante', 'Taller', 7, 23, 88, 'Av. El Parron 1821', '84008587', ''),
('155923814', 'Alex Molina Sanhueza', 'Taller', 11, 39, 233, 'Pje  32  N°2041 Pobl. Teniente Merino 1 ', '9-66086519', 'alx.molina.s@gmail.com'),
('160097841', 'Francesca Gauthier Trigari', 'Taller', 11, 39, 233, 'Collao 1689', '97526280', ''),
('160835710', 'Auto renta del Pacifico ', 'Taller ', 7, 23, 117, 'Las Hortensias 501', '942514425', 'dllanos@mitta.cl '),
('163215314', 'Felipe Eduardo Lopez Moraga', 'Taller', 6, 21, 79, 'Pasaje Cuatro 572', '', 'flopez.moraga@gmail.com'),
('16449778K', 'Eduar Oguen Ramirez', 'Taller', 4, 10, 26, 'Sargento Aldea 158', '51-610225', ''),
('164846490', 'Pablo Morales ', 'Taller ', 13, 43, 284, '', '954454300', 'Pablomen_nex@hotmail.com '),
('165546296', 'Carlos Rodriguez Lopez', 'Taller', 4, 8, 22, 'Juan Martinez 1109', '56572704', ''),
('173735316', 'Lubricantes Melendez', 'Taller', 7, 23, 100, 'Av Pajaritos 3954, Maipu', '2 2292 1830', 'i.ivonneb.arias@gmail.com'),
('175182713', 'Camus Car', 'Taller', 7, 23, 97, 'Ictinos 1162', '6-9192643', 'camus.ingeniero.sonido@gmail.com'),
('176561440', 'Axel Edgard Tapia Olivares', 'Taller', 3, 6, 14, 'Av Argentina n° 3594', '', 'axell88@live.cl'),
('2027139', 'Patricio Battaglia Full servic', 'Serviteca', 7, 23, 105, 'Av. Tomas Moro 84', '2-2027139', ''),
('211408073', 'Walter Uriol', 'Taller', 7, 23, 86, 'avda.Oriental 6222', '', ''),
('213289195', 'Luis Alberto Avila Ponce', 'Vulcanizacion', 7, 25, 121, 'Av Colon 0160', '', 'luis_avila_19@hotmail.com'),
('21858707', 'Franklin Gonzalez', 'Taller', 7, 23, 86, 'Ernesto Riquelme 438', '89248745', ''),
('218587070', 'Franklin Duaanel Hernandez Her', '', 7, 23, 114, 'Ernesto Riquelme # 439', '', ''),
('34703159', 'Emilio Castillo Villalobos', 'Taller', 7, 27, 133, 'Doce de Septiembre 2499', '93069002', ''),
('42553859', 'Manuel Vera Castro', 'Taller', 6, 16, 58, 'Riquelme 108', '32-2631101', ''),
('43057088', 'Rigoberto Muñoz', '', 7, 23, 111, 'Rivera 2035', '', ''),
('43506145', 'Ivan Enrique Schneider Medina', 'Concesionario', 8, 28, 148, '2 de octubre 127', '72-230188', ''),
('49117353', 'JULIO RENATO RODRIGUEZ', 'Taller', 6, 15, 50, 'AVDA. STA. TERESA 117', '09-9180237', ''),
('49990790', 'Luis Velasquez Fuentes', 'Taller', 7, 23, 86, 'Tobalaba 15127', '', ''),
('50791971', 'Ana Castillo', 'Taller', 6, 18, 69, 'Carretera F30E S/N, Rungue. Puchuncavi', '9- 92400820', 'repuestocastillo@live.com'),
('51289455', 'Elio Gonzalez', 'Taller', 7, 23, 86, 'Franklin 382', '', ''),
('51891511', 'Jaime Montenegro Cueto', 'Taller', 6, 17, 62, 'Chile 1324,Pob. Campo de deportes', '', ''),
('520029060', 'Francisco Cornejo', 'Taller', 7, 23, 93, 'Santa Genoveva 1560', '7757112', ''),
('5219721K', 'Floridor Seguel', '', 7, 23, 86, '', '', ''),
('53074030', 'Oscar Novoa Salinas', 'Taller', 14, 47, 314, 'Los Almendros 335', '98855675', ''),
('533004539', 'Diaz Sarmiento', 'Taller', 7, 22, 84, 'Pedro Aguierre Cerda 1208', '', ''),
('533022995', 'Jose Navarro y otro', 'Taller', 7, 23, 92, 'Av. Recoleta 3060', '77788535', ''),
('533129706', 'Sucesion Vega', 'Taller', 8, 28, 139, 'Graneros S/N', '89065462', ''),
('53728252', 'Victor Zar Zar Automotriz', 'Serviteca', 10, 35, 199, 'Avda. Ohiggins 626', '(42)231616', ''),
('53734448', 'Celestino Azocar', 'taller', 9, 32, 177, '1 Oriente 593', '(71) 239623', ''),
('54768613', 'Eugenio Plaza', 'Taller', 7, 23, 100, 'Sinfonia', '86283571', ''),
('55538383', 'Leon Antofagasta S.A.', 'Serviteca', 3, 7, 17, 'Bolivar 374', '(55) 538383', ''),
('56851755', 'Hector Custodio Delgado Pardo ', 'Taller', 1, 1, 1, 'Capitan Avalos 2843', '', 'hectordelgadopardo4546@gmail.cl'),
('57244054', 'Juan Carlos Etchegaray Ocaña', 'Taller', 6, 21, 82, 'Avda. Valparaíso n° 1834', '22947044', ''),
('57368098', 'osvaldo Lagos e Hija Ltda.', 'Taller', 10, 35, 199, 'Avda.Ohiggins 1561', '42-224315', ''),
('58451037', 'hernan Dumenes', 'Vulcanizacion', 7, 23, 115, '1 Oriente 5395', '6231407', ''),
('58901474', 'Eduardo Ferri ', 'Taller ', 7, 23, 112, 'Movicenter ', '992548458', 'mjimenez@ferripaldi.cl '),
('59811061', 'Edith Cardenas', 'Taller', 11, 38, 223, 'Ercilla 233', '7-5591987', ''),
('616020000', 'Mop Dirección Vialidad', 'Taler', 10, 35, 199, 'Av Libertad Edificio Publico', '42-2422341', 'lisandro.jara@mop.gov.cl'),
('619356004', 'Gendarmeria de Chile ', 'Serviteca', 11, 39, 233, 'Camino a Caillin S/N Cañete', '41-2611269', 'walberto1975@gmail.com'),
('619793609', 'Carabineros de Chile zona V Va', 'Fiscal', 6, 18, 65, 'Buenos Aires 750, Valparaiso', '975675479', 'Gabriel.figueroa@carabineros.cl'),
('63631612', 'Jose Manuel Vera', 'Taller', 7, 23, 86, 'Portugal 1480/Pedro Lagos 318', '225566553', 'lomendoza@gmail.com'),
('64629999', 'Manuel H Contreras  Bravo', '', 8, 29, 155, 'Av. Libertad  s/n ', '', ''),
('65033440K', 'Insumos y  Repuestos F y L  Lt', 'Taller', 8, 28, 151, 'Arturo Prat 610', '72-574121', ''),
('65534681', 'Carlos Osorio Perez', 'taller', 9, 34, 195, 'Luis Manriquez 2488', '9-5618676', 'carlos.osorio.perez1@gmail.com'),
('65751224', 'Audocia Albina Murillo Romero', 'Taller', 9, 31, 171, 'Sector el condor , Loteo 12 Camino Quech', '', 'neumafono@gmail.com'),
('65989115', 'Juan Carlos Caceres', 'Vulcanizacion', 7, 25, 123, 'Av Chile 211', '28240178', ''),
('66191230', 'Rafael Helo Hormazabal', 'Serviteca', 6, 16, 54, 'Chacabuco 79', '34-510868', ''),
('68570654', 'Luis Salinas Varela', 'Taller', 7, 25, 123, 'Prieto 186', '8243887', ''),
('690407000', 'Municipalidad de Ovalle', 'Municipalidad', 5, 12, 36, 'Vicuña Mackena 441', '53-5620224', 'agonzalez19582009@gmail.com'),
('70082349', 'Nibaldo Valdez Cornejo', 'Taller', 8, 28, 148, 'Alameda 1309', '', ''),
('7024151K', 'Hernan Gutierrez Lagos', 'Servicio Tecnico', 12, 42, 263, 'General Mackena 46 B', '', 'tecnocaucho@hotmail.com'),
('70258331', 'Pedro Noches', 'Taller', 3, 6, 14, 'Av. Bernardo O´higgins 982', '823181', ''),
('70875187', 'Luis Flores Cazon', '', 3, 6, 14, 'Caupolican 1348', '', ''),
('70990571', 'Mario Raul Brown ', '', 15, 49, 328, 'Libertad # 33', '6-8148590', ''),
('71053733', 'Araceli Osses Barrera', 'Taller', 6, 21, 80, 'Palmera Romano Sur 198', '', 'christianjavierp@hotmail.com'),
('7125402k', 'Marta Perez Wolf', 'Taller', 6, 18, 66, 'Variante Agua Santa', '(32)2615099', ''),
('71668363', 'Traeger Schwarz Oscar Rolf', 'Serviteca', 15, 49, 328, 'Baquedano 457, Coyaique', '67-2231648', 'repuestos@traeger.cl'),
('720120003', 'Univercidad Tecnologica de Chi', 'Univercidad', 3, 6, 14, 'Av. Granaderos 3479', '(55)440023', ''),
('72066286', 'Guillermo Menares', 'Taller', 7, 23, 86, 'Panamericana Km 28', '8-5031667', ''),
('72166345', 'Daniel Pinto Alquinta NEULUB', 'Serviteca', 3, 6, 14, 'Granaderos 1477', '55-343882', ''),
('72239288', 'Eduardo Droguet', 'Taller', 9, 31, 168, 'Ruta H30 3001', '72-466052', ''),
('72266021', 'Mauricio Sube Guzman', 'Comercial', 14, 45, 297, 'Av. 18 de Septiembre Block 20 Dpto.13', '91959964', ''),
('72356454', 'Hector Zamorano Marin', 'Taller', 7, 23, 113, 'Av. 5 de A bril 5064', '3108783', ''),
('727547002', 'Fundación Instituto Profeciona', 'Taller', 7, 24, 118, 'Av. Concha y Toro 1340', '23540900', 'rmatus@duoc.cl'),
('73727693', 'Sara Erica Fuenzalida Araya', 'Serviteca', 4, 9, 24, 'Los Tulipanes 869', '', 'mar.atacama@hotmail.cpm'),
('737407704', 'Train Ltda', 'Trasnporte', 3, 7, 17, 'Estación Prat, ruta 5 norte, km 1394', '9-99184430', 'planificador.mantención@train.cl'),
('7376565k', 'Mario Ramos', 'Taller', 6, 21, 79, 'Troncal 30 Parad. 21', '8-9454308', ''),
('738644496', 'Supermercado del Neumático', 'Serviteca', 7, 23, 86, 'Av. España 72', '2-24634800', 'icarvajal@sdn.cl'),
('744568005', 'Liceo Politecnico de Ovalle', 'Colegio', 5, 12, 36, 'Av Lord Cochrane 451', '53-2626292', 'marioopazo@gmail.com'),
('74647634', 'Ezio Berteros Avalos', 'Taller', 6, 17, 60, 'Alberti 329', '33-313608', ''),
('7554622K', 'Miguel Moraga', 'Taller', 6, 18, 67, 'Avda. Con Con 850 Casa 11', '32-2813368', 'dondeelmiguevulca@gmail.com'),
('760058246', 'Comercial de La Cruz Ltda', 'Serviteca', 12, 41, 257, 'Chacabuco 495', '45-2783023', 'jorge.moya@empresasdelacruz.cl'),
('760059099', 'Comercial Motores de los Andes', 'Concesionario', 7, 23, 94, 'Av Americo Vespucio 1001', '225192236', 'jjarpa@andesmotor.cl'),
('760078913', 'Comercial Ivan Jadue', 'Serviteca', 7, 23, 96, 'Santa Isabel 0251', '6754388', ''),
('760086701', 'Automotriz Portezuelo', 'Concesionario', 7, 23, 87, 'Vitacura 5555', '227505559', ''),
('760091588', 'Comercializadora de Neumaticos', 'Serviteca', 3, 6, 14, 'Arturo Prat 1872', '55-826420', ''),
('760095133', 'Serviteca Haitao Ltda', 'Serviteca', 12, 42, 263, 'Av Caupolican n° 1645', '45-2220202', 'haitao.servitec@hotmail.com'),
('760100706', 'Comercial Daher', 'Serviteca', 7, 23, 94, 'Americo Vespucio 0950', '27392744', 'mbugueño@comercialdaher.cl'),
('760103365', 'Neumaton', 'Serviteca', 7, 23, 92, 'Recoleta 3295', '4559623', ''),
('760132349', 'Multiservicio Pulgar', 'Serviteca', 8, 28, 148, 'Ocarrol 1109', '83691619', ''),
('760134864', 'Transportes TruckerMan Ltda', 'Trasnporte', 7, 22, 83, 'Camino  Coquimbo, Parcela 17 S/N', '227453676', 'scortez@truckerman.cl'),
('760170550', 'Neumaservicio Ltda.', 'Serviteca', 3, 7, 17, 'Avda. El Coigue 450', '55-2423584', ''),
('760220981', 'Comercial Loncomilla', 'Serviteca', 9, 33, 188, 'Cerrillos 1107', '74304017', ''),
('760223328', 'Car Center  Plaza Oeste Reyes ', 'Carcenter', 7, 23, 117, 'Mall pza. Oeste', '89081706', ''),
('760237639', 'Electronica Hidraulica LTDA', '', 7, 23, 110, 'Calle Chile-España 7936', '225582128', 'rodrigomartinez@electrohidraulica.cl'),
('760243833', 'Salazar Israel', 'Taller', 11, 39, 233, 'Avenida Prat 1099', '93198976', ''),
('760262617', 'Isill Ltda', 'Taller', 7, 23, 93, 'Constantino 583', '22-7863627', 'dtecnico@isw.cl'),
('76026814', 'Constructora Astaldi Fe Grande', 'Constructora', 7, 23, 86, 'San Agustin 03541 Par. Puerta Sur', '2702223', ''),
('760268143', 'Constructora Astaldi Fe Grande', 'Serviteca', 7, 25, 121, 'San Agustin 03541 Par. Puerta Sur', '09-8719512', ''),
('760274933', 'Sociedad Cobal Ltda', 'Taller', 11, 39, 233, 'Angol 613', '41-2914455', 'rfigueroa@socobal.ltda'),
('760285080', 'P y J Servicios Automotriz', 'Taller', 7, 23, 105, 'Av. Las Condes 12145', '22159293', ''),
('760289825', 'Comercial Neumamundo Ltda', 'Serviteca', 8, 28, 148, 'Av Bernardo Ohiggins 909, Rancagua', '9 9440 1081', 'davidmarco@neumamundo.cl'),
('760307009', 'Sociedad Comercial Quality Ltd', 'Taller', 7, 23, 86, 'Madrid 1143', '4316318', ''),
('760308438', 'Lubrimas S.A.', 'Serviteca', 7, 23, 86, 'Americo Vespucio 2500 ', '8943207', ''),
('760312263', 'Maha Chile Spa', 'Servicip', 7, 23, 99, 'Carrera Pinto 1869', '229844296', ''),
('760336343', 'Comercializadora Neumaticos Ca', 'Serviteca', 9, 33, 187, 'Av Leon Bustos 1257', '', 'felipe.rath@gmail.com'),
('760364940', 'Vulcanización V y V ', 'Taller', 13, 43, 284, 'Cicunvalación Sur 3080', '94438355', ''),
('760381772', 'CCTI -Comp Chilena Transp Inte', 'Trasnporte', 7, 23, 100, 'Los Agricultores', '227448467', 'msanchez@ccti.cl'),
('760392189', 'Comercial del Real', 'Taller', 8, 28, 148, 'Freire 471', '92572177', ''),
('760401714', 'Sk Logistica Noviciado', 'Automotora', 7, 23, 95, 'Camino el Noviciado S/N  Km 3', '7-1407151', 'c.villar@skberge.cl'),
('760437522', 'Renta Equipos Leasing Ltda.', 'Taller', 7, 23, 95, 'Jose Joaquin Perez 1364', '9245843', ''),
('760446114', 'Comercial Neumann Spa', 'Serviteca', 14, 46, 312, 'Av Gramado n° 700 Puerto Varas', '65 2232285', ''),
('760463159', 'Andrés Sepúlveda (Ferreteria T', 'Ferreteria', 7, 23, 107, 'San Francisco 13202', '79882125', ''),
('760466204', 'Comecial España', 'Taller', 9, 31, 168, 'Avda. Colon 943', '', ''),
('760473723', 'Servicio Automotriz C.A.B.A. E', 'Serviteca', 7, 23, 101, 'Avda. Pedro de Valdivia 6221', '2388691', ''),
('760482455', 'Labbe y Moraga Cia.', 'Serviteca', 3, 6, 14, 'Av. Granaderos 3071', '55-319625', ''),
('760498580', 'Alpha Full Service', 'Taller', 7, 23, 86, 'Avda. Las Torres 450', '', ''),
('76052822k', 'Sociedad Comercial J. Vega', 'Vulcanizacion', 8, 28, 148, 'Santa Elena 68', '(72) 471902', ''),
('760545414', 'Comercial Chungara SR Ltda', 'Concesionario', 2, 3, 6, 'Heroes de la Concepción 2555', '42347805', 'sebastian.tapia@comercialchungara.com'),
('760559180', 'Serviteca Lubrishell E.I.R.L', 'Serviteca', 3, 6, 14, 'Av. Grecia N° 3098', '055-2312614', 'neumateca.pabloguerra@lubrishell.cl'),
('760567574', 'Mecanica e Ingenieria Baus Tec', 'Taller', 7, 23, 106, 'Calle Diputada Laura Rodriguez 142', '229803725', 'secretaria@baustech.cl'),
('760575585', 'Autocargo comercializadora de ', 'renta car', 7, 23, 117, 'las americas 375', '02-6803553', 'j.poblete@circulotoyota.cl'),
('760606979', 'Comercial SS', 'Taller', 8, 28, 148, 'OCarrol 1109', '237036', ''),
('760626376', 'Pamela Garcia E.I.R.L', 'Taller', 6, 18, 65, 'Arturo Gordon 61, Placilla ', '(32)2113771', ''),
('760635537', 'Com.Shekina Ltda', 'Serviteca', 7, 23, 94, 'Avenida Las Torrea 304', '22-9320846', 'ctapia@shekina.cl'),
('760672157', 'Automecanica Pablo Bravo Ltda', 'Taller', 7, 23, 101, 'Los Olmos 2945', '', ''),
('76068841k', 'Automotriz Forcenter S.A.', 'Concesionario', 7, 23, 99, 'Av. Irarrazabal 1443', '227403335', 'jherrera@forcenter.cl'),
('760690279', 'Inalco Car Service', 'Serviteca', 7, 23, 101, 'Av Quilin 1560, Macul', '9 3256 6049', 'ameneses@inalco.cl'),
('76070007K', 'David Moreno', 'Vulcanizacion', 8, 28, 148, 'Illanes 1349', '', 'rvilla@neumori.cl'),
('760723290', 'Sociedad Comercial San Lorenzo', 'Serviteca', 3, 6, 14, 'Granaderos 2971', '55-925360', ''),
('760728233', 'Repuesto y Servicio Automotriz', 'Serviteca', 11, 39, 233, 'Carrera 99, Concepción', '9 9282 7023', 'franciscaeconoruedas@gmail.com'),
('760746223', 'Hugo Soto', 'Taller', 9, 33, 188, 'Esquina Blanca 3743', '43-259836', ''),
('760750867', 'CarControl EIRL', 'Serviteca', 7, 25, 121, 'San José de Nos 69', '89147607', ''),
('76076437k', 'Servicios y  Transportes R A L', 'Serviteca', 7, 26, 125, 'El Quillay 213', '', 'raulriveros1@hotmail.com'),
('760776270', 'Comercial BeiBen SPA  (Star Ce', 'Serviteca', 7, 22, 83, 'Presidente Frei Montalva 16777', '227976200', 'margarita@beiben.cl'),
('760820105', 'Automotriz Rupanco Ltda', 'Taller', 8, 28, 148, 'Cuevas n° 23', '72-232083', 'talleralameda@redcitroen.cl'),
('760832014', 'Aviac 1 Spa', 'Taller', 7, 23, 94, 'Parinacota 239 Lo Echevers', '9493481', ''),
('760837679', 'Asesorias y Servicios Innovaxx', 'Servicio Tecnico', 7, 23, 105, 'Av Apoquindo 6410', '2-28646715', 'eimarinb@gmail.com'),
('760841285', 'Comercial y Servicio Fixcar Lt', 'Taller', 7, 23, 86, 'Victor Manuel 2020', '', 'info@fixcar.cl'),
('760841900', 'Comercial Mediterraneo', 'Serviteca', 7, 23, 88, 'Av. Argentina 2014', '5268893', ''),
('760845744', 'Comercial Rep Ltda', 'Taller', 4, 9, 23, 'Ramon Freire 70 ', '52-2366564', 'rodrigo.romero@rep-chile.cl'),
('760846406', 'Autojan', 'Taller', 7, 23, 86, 'Avda. Macul 4686', '', ''),
('760847917', 'SYC Spa', 'Servicio Tecnico', 7, 23, 86, '', '66749068', 'cetop.retamal@gmail.com'),
('760855855', 'GFX Reanta Ltda', 'Taller', 5, 11, 30, 'Colo Colo 4446', '', 'abrunel@bodyshopgfx.cl'),
('760886661', 'Neumaticos Manzor Express Spa', 'Servicio Tecnico', 9, 32, 177, 'Av 2 sur 1629', '', ''),
('760901709', 'Local Trafic', 'Taller', 7, 25, 122, 'Alberto Krumm', '8211556', ''),
('760985627', 'Comercial Salinas Cerda y Cia ', 'Taller', 7, 26, 128, 'Los Rulos s/n km 8, Maria Pinto', '228361519', 'copec.mariapinto@hotmail.com'),
('761005421', 'Lubricentro Mycar', 'Lubricentro', 4, 9, 23, 'Av. Copayapu N° 42', '52-244014', ''),
('761033794', 'Transportes Mayser Ltda', 'Serviteca', 3, 6, 14, 'Ramon Freire 2864', '', ''),
('761057131', 'Full Neumaticos', 'Serviteca', 7, 23, 105, 'Av. Las Condes 8628', '22125057', 'ecarrasco@fullneumaticos.cl'),
('761067761', 'Transportes Cornejo', 'Taller', 12, 42, 263, 'Manuel Recabarren 4290', '85025649', ''),
('761115510', 'Comercial Fox Chile', 'Serviteca', 6, 17, 62, '', '', 'comercialfoxchile@gmail.com'),
('761116460', 'Golden Motors', 'Taller', 7, 23, 109, 'Av. Trinidad 99', '78896457', ''),
('761147749', 'Comercial Arreval Ltda.', 'Serviteca', 6, 17, 60, 'Alberdi 2139', '258552', ''),
('76116810K', 'Comercial Ruedas Sotramas Ltda', 'Serviteca', 15, 49, 328, 'Simpson 341', '', 'aquilinofm@hotmail.com'),
('761176951', 'Comercial Carbox', 'Taller', 11, 39, 233, 'Freire 37', '7-7066454', ''),
('761178172', 'Serv Aut Consistorial Ltda ( A', 'Serviteca', 7, 24, 118, 'Av Pajaritos 3051, Maipu', '28759533', 'franklin.fernandez@autopunto.cl'),
('761192000', 'Transportes Schiappacasse', 'Taller', 7, 23, 95, 'Camino Noviciado 702-A', '28878700', ''),
('761202030', 'Sertemeq Ltda', 'Servicio Tecnico', 7, 23, 109, 'Av Walker Martinez 2127', '27913323', ''),
('76123143k', 'Nelly Donaire Olguin', 'Taller', 10, 35, 199, 'Avda. Ohiggins 1561', '42-224315', ''),
('761248235', 'Enduro Motor E.I.R.L', 'Taller', 7, 23, 95, 'Puerto Madero 9710. Pasillo H, Pudahuel', '9 9997 6824', 'tallerenduromotor@gmail.com'),
('761249150', 'Hernandez Motores', 'Concesionario', 7, 23, 100, 'Camino Lonquen 8981, Maipu', '600 422 0330', 'mclavijo@hmotores.cl'),
('761277413', 'Rojas Car', 'Taller', 5, 11, 31, '25 de Agosto Baquedano', '635136', ''),
('761284118', 'Helo & Maraton Ltda.', 'Serviteca', 6, 15, 50, 'Av. Argentina 211', '91567587', ''),
('761290533', 'Samuel Reyes e Hijos Ltda', 'Taller', 11, 38, 225, 'Julio Hemmelmann 1320', '', 'samureyes@gmail.com'),
('761294024', 'Marco Ratti Sociedad Comercial', 'Taller', 8, 28, 148, 'Ohiggins 234', '', 'joelarmijo@marcoratti.cl'),
('761311646', 'Soc. Com. y Dist Jimenez Bascu', 'Serviteca', 12, 42, 283, 'Anfion Muñoz 417', '45-2413235', ''),
('761328204', 'Milla Tires CO Ltda', 'Serviteca', 5, 11, 30, 'Balmaceda 3502, La Serena', '', 'servicioserena@mtc.cl'),
('761363794', 'Automotora Puig', 'Concesionario', 7, 23, 87, 'Tabancura 1375', '23461414', 'nmayorga@puigautos.cl'),
('761372149', 'Soc. Serv. Ind. Las Ventanas P', 'Serviteca', 6, 18, 69, 'Ruta F-30E s/n Sector La Greda', '32-2796298', 'nsilva@transportesventana.cl'),
('761388673', 'Repuestos Astudillos', 'Taller', 7, 22, 83, 'Alpatacal 0120-B', '8602068', ''),
('761399195', 'Canadian Lubricants And Servic', 'Taller', 7, 23, 109, 'Av Jose de La Estrella 691', '', ''),
('761483544', 'Servimec', 'Taller', 4, 9, 23, 'Ramon Freire 466', '(52) 369662', ''),
('761523902', 'Automotriz Alameda', 'Serviteca', 8, 28, 148, 'Ohiggins 385', '72-232759', ''),
('761530496', 'Comercial Lubri-Rep Ltda', 'Serviteca', 11, 38, 223, 'Almagro 1330', '43-362561', 'salcedolubrirep@123.cl'),
('761551477', 'Comercial Sol Ltda', 'Serviteca', 4, 9, 25, 'Av Miguel Lemeur 441', '52-329241', ''),
('761573500', 'Asesorias Tornel Paga', 'Serviteca ', 14, 46, 311, 'Calle polpaico 75', '99061857', 'pguerrero@sdn.cl '),
('761685538', 'Automotriz Bilbao Autos S.A', 'Automotora', 14, 45, 297, 'Av Francisco Bilbao 801', '64-2255050', 'rcatalan@bilbaoautos.cl'),
('761714732', 'Importadora Neumachin Ltda', 'Serviteca', 11, 38, 223, 'Almagro 1512', '2542255', ''),
('761750208', 'GLI AUTOPARTES', 'Taller', 7, 23, 94, 'Alcalde Guzman 1441', '', ''),
('761784935', 'Porsche Inter Auto Chile SpA', 'Concesionario', 7, 23, 104, 'Raúl Labbe 12509', '26787726', 'esandoval@audi.cl'),
('761817094', 'Sagem Ltda.', 'Lubricentro', 6, 14, 45, 'Camino Interior 1815, El Llano de Rayado', '9-3045010', 'germanojeda@sagem.cl'),
('761836498', 'Servicios y Frenos Ltda', 'Serviteca', 9, 33, 187, 'Lautaro 696', '9494333813', 'Servifrenoslinares@gmail.com'),
('761860704', 'Aventura Motors', 'Serviteca', 7, 23, 105, 'Av Francisco Bilbao 4184', '', ''),
('761873253', 'Carcenter Los Angeles', 'Carcenter', 11, 38, 223, 'Av. Alemania 850', '61202070', 'iloncomil@sodimac.cl'),
('761873415', 'Repuestos Hucar Ltda', 'Taller', 11, 40, 246, 'Uribe 345, Cañete', '41 2612360', 'ceciliacarrasco123@gmail.com'),
('761881302', 'Mantencion y Servicios', 'Transporte', 7, 23, 103, 'Av. Camino lo Sierra 02302', '8545327', ''),
('761890344', 'Herramientas Y Maquinarias Ltd', 'Ferreteria', 3, 7, 17, 'Nicolas Tirado 128-8', '228394938', 'agajardo@hemaq.cl'),
('76189417k', 'Serv. Automotriz y Lubricentro', 'Taller', 12, 41, 257, 'Chacabuco 490', '(045)783232', ''),
('761952390', 'Comercial Errazuriz Ltda', 'Automotora', 7, 25, 122, 'Longitudinal Sur 3290', '228221182', 'sbrzovic@comercial errazuriz.cl'),
('761962051', 'Procar E.I.R.L', 'Serv Automotriz', 12, 42, 263, 'Av. León Gallo 1171', '45-2214922', 'procarchile@gmail.com'),
('761965921', 'Alicom Ltda', 'Serviteca', 7, 23, 86, 'San Ignacio 1815', '25568975', ''),
('762029839', 'Servicio Tecnico Melhuish', 'Concesionario', 7, 23, 105, 'Av. Tomas Moro 771', '', ''),
('762056303', 'Comercializadora de Neumaticos', 'Serviteca ', 7, 23, 94, 'Carretera Gral. San Martin 9360 Bodega ', '996321722', 'operaciones@scnchile.com'),
('762221292', 'Sociedad Comercial ARG Ltda', 'Taller', 4, 9, 23, 'Los Carreras 2982', '2222456', ''),
('762221934', 'Escapes JR ', 'Taller ', 6, 21, 79, 'Av freire 1353 Quilpue ', '997939268', 'jorge.ja.cornejo@gmail.com'),
('762235021', 'Cristian Martinez ', 'Taller', 7, 23, 96, 'Jose Manuel Infante 1709', '222693012', 'tallerinfante@gmail.com'),
('762363550', 'Garage', 'Taller', 8, 28, 148, 'Las Torres 222, Rancagua', '2235910', 'lastorres222@gmail.com'),
('762388405', 'Sociedad Comercial Castillo y ', 'Serviteca', 12, 42, 283, 'Aviador Acevedo 720, Villarica', '45 241 6992', 'neumaticosvillarica@live.cl'),
('762400936', 'León Viña del Mar', 'Serviteca', 6, 18, 66, 'Quillota 117, esquina 2 Norte', '2 2580 5073', 'a.santander@leon.cl'),
('762433621', 'Comercial y Servicios Antares ', 'Copec', 7, 23, 87, 'Costanera Norte KM 2,5', '78535031', 'osvaldo.rengifo@gmail.com '),
('762440936', 'Leon Viña del Mar S.A', 'Serviteca', 6, 18, 66, 'Quillota 117, esquina 2 Norte', '9 97890659', 'a.santander@leon.cl'),
('762442604', 'Servicentro Piero Depetriz', 'Serviteca', 4, 9, 23, 'Panamericana norte N/N', '', ''),
('762442701', 'Salinas y Fabres SALFA', 'Taller', 5, 11, 30, 'Huanhualí 191 ', '77074083', ''),
('762456907', 'Comercial G y G', 'Serviteca', 5, 11, 30, 'Avda. Fco. De Aguirre 033', '220969', ''),
('762498596', 'Star Center Spa', 'Serviteca', 7, 22, 83, 'Presidente Frei Montalva 16777', '227976200', 'margarita@beiben.cl'),
('762532204', 'Sociedad Automotriz Noack', 'Taller', 7, 23, 96, 'El Aguilucho 3398', '2259275', ''),
('76255142K', 'Inversiones Rentagro Ltda', 'Renta de vehiculos', 8, 28, 141, 'Carretera el Cobre 2521  KM 4  ', '72-2371334', 'jiroz@rentagro.cl'),
('762563800', 'Automotora Noack La reina Ltda', 'DyP', 7, 23, 106, 'Los Herreros 8828', '92501915', ''),
('762694190', 'J G Motors E.I.R.L', 'Serviteca', 7, 23, 108, 'Av Santa Rosa 6794', '7-6994704', 'contacto@jg-motors.cl'),
('762703866', 'Servikas', 'Automotora', 7, 23, 106, '', '', ''),
('762708183', 'Servicio Ruedas Ltda', 'Taller', 7, 23, 95, 'San Pablo 2222, Pudahuel', '9-44144056', 'ventas@servicioruedas.cl'),
('762762048', 'Automotriz Oscar Salas', 'Taller', 7, 23, 112, 'Pedro Fontova 6708, Huechuraba', '9 5419 2945', 'ksmautoeirl@gmail.com'),
('762849208', 'Volvo Chile spa', 'Consecionaria', 7, 23, 94, 'Lo Echevers 100', '', ''),
('762855283', 'Castillo y Kotesky Ltda', 'Serviteca', 8, 28, 148, 'Freire 315', '59510083', 'frivadeneira@castilloykotesky.cl'),
('762968630', 'Automotriz Portillo Sur Ltda', 'Concesionario', 12, 42, 263, 'O`higgins 333', '', 'apolitis@portillo.cl'),
('763006123', 'Lubricentro y Vulcanización Ca', 'Lubricentro', 12, 42, 268, 'Valle Errázuriz 656', '7-7760475', ''),
('763064417', 'Sociedad Comercial Neumacenter', 'Serviteca', 10, 35, 199, 'Av O´Higgins 329', '42-2223569', 'oalbornoz154@hotmail.com'),
('763077624', 'Soc de Serv Mechanics Solution', 'Taller', 4, 9, 23, 'Ramon Freire  466', '51-2369662', 'raul.aguilar@mechanicsolutions.cl'),
('763090108', 'Comercializadora Los Ramones L', 'Taller', 6, 18, 69, 'Ruta F-30 E s/n', '32-2771257', ''),
('763126773', 'Soc. Forestal y Desarrollo Foj', 'Servicio Tecnico', 7, 23, 105, 'Isabel la Catolica 5225', '222087449', 'oscar.sepulveda@foja.cl'),
('763170640', 'Servicio FJR Ltda', 'Taller', 7, 23, 96, 'Nueva Providencia 1881 Of 1620', '', 'servicios@serviciosfjr.cl'),
('763171205', 'A y S Automotriz', '', 7, 23, 96, '', '', 'rodrigo.araos.leiva@gmail.com'),
('763198863', 'Sociedad Hermanos Pereira S.R.', 'serviteca', 11, 39, 233, 'Serrano 930', '6-6888207', 'ventasservitecapereira@gmail.com'),
('763259358', 'Safe Truck Chile ltda', 'Taller', 4, 9, 23, 'Miguel Gallo 785', '', 'safetruckchile@gmail.com'),
('763313905', 'Comercial Automotriz JPN Ltda', 'Servicio Tecnico', 7, 23, 104, 'Ruben Barrales 1716', '22169441', 'gacuna@jpnautos.cl'),
('763398838', 'Link Service S.A.', 'Taller', 7, 23, 104, 'Padre Alfredo Arteaga Barros 1002, Lo Ba', '72-2235721', 'iolivos@ospp.cl'),
('763416011', ' Serviautos E.I.R.L (Carcenter', 'Carcenter', 9, 32, 177, 'Av. Colin 635', '', ''),
('763464407', 'Automotriz Ravera y Cia Ltda', 'Taller', 7, 23, 86, 'Maule 76', '225567790', 'stefano@automotrizravera.cl'),
('763491072', 'Lubricantes David Alejandro Me', 'Taller', 7, 23, 94, 'Av Ohiggins 0175, Quilicura', '9 9228 3074', 'gcornejo@ironcar.cl'),
('763508714', 'Anacsa ', 'Taller ', 7, 23, 94, ' SENADOR JAIME GUZMAN 220 ', '9 4861 0880', 'manuel.meneses@henkel.com'),
('763519503', 'Sociedad de Servicios Sinplag ', 'Serviteca', 8, 28, 148, 'Lote 2 ruta H30 222, punta de cortes. Ra', '9 8456 1992', 'jorge.morales@pangal.cl'),
('763536467', 'Mantenciones Central Spa', 'Taller', 7, 23, 113, 'Joaquin Walker Martinez 2261', '2 29048104', 'fruz@mcentral.cl'),
('763555488', 'Peralta y Sonomi Ltda', 'Taller', 4, 9, 23, 'Miguel Gallo 785', '', 'ventasmovilteck@gmail.com'),
('763598926', 'Importadora y Comercializadora', 'Taller', 7, 23, 105, 'Av El Bosque Norte 42', '2-27897790', 'nkaltwasser@kskgroup.cl'),
('763613739', 'León Concepción S.A', 'Serviteca', 11, 39, 233, 'Freire 37', '72121412', 'lreyes@león.cl'),
('763752208', 'meyerholz y Bravo Ltda.', 'Taller', 7, 23, 112, 'Huechuraba', '', ''),
('763760448', 'Multiservicios SPA', 'Taller', 10, 35, 199, 'Av Ecuador n° 892', '', 'renato.cifuentes@auto7.cl'),
('763762181', 'Abraham Zedan e Hijos', 'Serviteca', 7, 23, 86, 'Camino Chicureo Km 2,8 El Alba Parcela 2', '227597558', 'jefechicureo@azedan.cl'),
('763778037', 'Asvetec Ltda', 'Servicio Tecnico', 3, 7, 17, 'Merced 370', '55-2936063', 'asvetec@asvetec.cl'),
('763858669', 'Serv. Integral Automotriz Auto', 'Taller', 10, 35, 199, 'Av Ecuador 522', '42-2524652', 'eduardo.venegas@autocheckbiobio.cl'),
('763909859', 'Inversiones San Antonio', 'Serviteca', 4, 9, 23, 'Callejon Bodega BCN 3', '42732284', 'servicios.isa@outlook.com'),
('764004639', 'Distribuidora San Francisco SP', 'Serviteca', 14, 46, 312, 'San Francisco 1221', '652232410', 'omar.pang@gmail.com'),
('764006380', 'Automotriz NeumaStore Ltda', 'Serviteca', 7, 23, 111, 'Escanilla 499, Independencia', '2 2732 3804', 'contacto@neumastore.cl'),
('764058402', 'Maos Racing Ltda', 'Serviteca', 7, 23, 86, 'Av Americo Vespucio norte 4043', '', ''),
('76411325K', 'Comecializadora New Equip SPA', 'Venta Equipos', 7, 23, 86, 'Las Azaleas 23 Barrio Las Flores', '9 5094 4263', 'placrampe@newequip.cl'),
('764124707', 'Empresas Tad', 'Trasnporte', 6, 18, 67, 'Loteo Industrial Gulmue, lote 23', '32-2158800', 'antonio.jimenez@tadchile.cl'),
('764159551', 'Servicios Automotrices Moviles', 'Lubricentro', 7, 23, 106, 'Axel Munthe Pasaje Central 7610', '', 'jbarrientos@chaquihual.com'),
('764203550', 'Importadora Os Performance Par', 'Taller', 12, 42, 263, 'Av Caupolican 761, Temuco', '9-7334 3494', 'iolivos@ospp.cl'),
('764256638', 'Empresa de Importación Reinald', 'Taller', 6, 18, 66, 'Camino Internacional Nº 2440', '32-2872664', 'reinaldo486@gmail.com'),
('764338707', 'A.P.C. Autos ', 'Taller', 7, 23, 86, 'Vicuña Mackena 1341', '5515320', ''),
('764343239', 'Catalan y Cia Ltda', 'Taller', 7, 23, 91, 'Jorge Irmas 3127', '226469146', 'tallerservicioscatalanwincat@gmail.com'),
('764356969', 'Soc de Serv Automotrices SOS L', 'Taller', 12, 42, 263, 'Manuel Recabarren 4290', '45 2250595', 'amartinez@totalcenter.cl'),
('764387945', 'Serv Aut  Roberto Antonio Pasm', 'Taller', 7, 23, 100, 'Av de la Victoria n° 2811', '225675410', 'lubricentrogyp@gmail.com'),
('764428870', 'Imp. Y Com. Leyton Spa', 'Taller ', 7, 23, 86, 'Lira 849 ', '981989440', 'gerencia@leytonautomotriz.cl '),
('764441702', 'Leon Estoril S.A.', 'Serviteca', 7, 23, 105, 'Las Condes 10133', '2151040', ''),
('764584546', 'Comercializadora de Repuestos ', 'Taller ', 8, 29, 161, 'Av Errazuriz 1167, Santa Cruz', '981278359', ''),
('764591062', 'Juan Cuneo Fuentes SPA    ( Ma', 'Automotora', 7, 25, 123, 'Av 18 de Septiembre 967', '', 'felipe.nunez@maclider.cl'),
('764635728', 'Servicio Tecnico Chromo-Car Lt', 'DyP', 5, 11, 30, 'Av Estadio 405', '512212005', 'eperez@chromo-car.cl'),
('764641825', 'Leiton y Araya Ltda', 'DyP', 6, 18, 66, 'Limache 4135, Viña', '982394615', 'leitonyaraya@gmail.com'),
('764737253', 'PSD Group Chile Ltda', 'Servicio Tecnico', 7, 23, 99, 'Diagonal Paraguay 481 dto 141', '226231355', 'rudy.pacheco@psd-groupchile.cl'),
('764790251', 'Importadora Magallanes Ltda', 'Serviteca', 14, 46, 311, 'Parque industrial 381', '65-2263268', 'alan@aserpro.cl'),
('764840895', 'Servicio Automotriz Jose Rolan', 'Taller', 6, 21, 82, 'Av  Victoria 0487', '', 'pindex0487@gmail.com'),
('764916565', 'Tecmec SPA', 'Taller ', 7, 23, 92, 'Muñoz Gamero 501', '994916565', 'mperes@euromecanica.cl'),
('76495470K', 'Repuestos y Lubricantes J.M LT', 'Taller ', 8, 28, 140, 'Jose Miguel Carrera 540 ', '993261927', 'repuestosylubricantesjm@hotmail.com'),
('764955870', 'Premium Cars Service S.P.A.', 'Serviteca', 11, 39, 233, 'Paicavi 2005, Concepción', '9-68112856', 'monica.silva@premiumservice.cl'),
('76498801', 'Inversiones San Alfonso Ltda', 'Taller', 6, 15, 50, '', '', 'alejandro.rodriguez.salinas@gmail.com'),
('76501606', 'Del Valle Valparaiso EIRL', 'taller', 6, 18, 65, 'Independencia 2309', '2598566', ''),
('765373042', 'Inversiones Mario Alcides Roja', 'Taller', 3, 7, 17, 'Anhidrita 52', '', ''),
('765391806', 'Transalezu EIRL', '', 7, 24, 118, 'Av. Gabriela Poniente 1908', '998712233', ''),
('765418186', 'Serviteva SyR Ltda', 'Serviteca', 8, 28, 140, 'Las Acasias 462 ', '', ''),
('765444500', 'Soc. Comercial Rodacentro Ltda', 'Serviteca', 6, 18, 66, '12 Norte 1298 local 2', '', 'com.rodacentro@vtr.net'),
('765724965', 'Cidef  S.A', ' Automotora', 7, 23, 86, 'Amunategui 178, Santiago', '227307214', 'flevio@cidef.cl'),
('765738873', 'Sergenin Compresores Ltda', 'Servicio', 14, 46, 311, 'Ruta V-629 Senda Sur Km 3,9', '', 'm.araya@sergenin.cl'),
('765781108', 'Guillermo Morales  GMB', 'Taller', 7, 23, 96, 'Salvador 1406, Providencia', '991232221', 'jsatt@guillermomorales.cl '),
('765781168', 'Guillermo Morales  GMB', 'Taller', 7, 23, 86, 'Francisco Bilbao 1127', '29795050', ''),
('765824915', 'Importadora GD Ltda', 'Taller', 7, 23, 113, 'Av Arica 3663', '57-2529084', 'gmejias@milestone.cl'),
('765971705', 'Victor Morales Acevedo', '', 7, 23, 113, 'Av. Alberto Hurtado 071', '7999624', ''),
('766147798', 'Todo Neumaticos Ltda', 'Serviteca', 7, 23, 99, 'Diagonal Paraguay 39045', '', 'claudiocricriar@gmail.com'),
('76619401K', 'Plus Industrial', 'Taller ', 14, 46, 311, '', '971085342', 'mantenimientoindustrialrm@gmail.com'),
('766200389', 'ByM E.I.R.L', 'Servicio Tecnico', 5, 12, 36, 'Rafael Ormedo 822', '', 'aortiz.powerlub@gmail.com'),
('76623710k', 'Farias y Carrasco Ltda', 'Taller', 7, 23, 96, 'Pedro de valdivia 3014, Providencia', '', 'fariasycarrasco.f117@gmail.com'),
('766241123', 'Comercialización Mauricio Soto', 'Servicio Tecnico', 7, 24, 118, 'Pedro Nuñez Fernandez 1635 casa 117', '', ''),
('766260268', 'Talleres Mafe Ltda', 'Servicio Tecnico', 14, 46, 311, 'Av Diego Portales 860', '', 'm.araya@talleresmafe.cl'),
('766321070', 'Sergio Vera e  Hijos Ltda', 'Serviteca', 6, 19, 76, 'El Maldroño 715 st 15, Algarrobo', '9 982 243 28', 'taller.svera@gmail.com'),
('766837506', 'Luis Fernando Ramos', 'Taller', 7, 23, 111, 'Vivaceta 411 / vivaceta 1266', '02-27382529', 'ffigueroa@automotrizmafer.cl'),
('766864007', 'Exp Imp y Comercializadora Far', 'Trasnporte', 7, 23, 113, 'San Borja 235', '2-2560 3820', 'hmunizaga@centralabast.cl'),
('766872573', 'Servicios Neubat Ltda', 'Taller', 12, 41, 262, 'Covadonga 595', '', 'neu.service.bat@hotmail.com'),
('766925502', 'Diaz y Cia Ltda', 'Lubricentro', 4, 9, 23, 'Av Circunvalación N° 1456', '52-2218498', 'fdiazycia@hotmail.com'),
('76697080K', 'Sociedad Comercial Jimenez', '', 12, 42, 283, 'Saturnino Epulef 1308', '45-412833', ''),
('76710247K', 'Comercial San Antonio SPA', 'Serviteca', 4, 9, 23, 'Callejon Bodega BCN 3', '', 'servicios.isa@outlook.com'),
('767161506', 'Compraventa Autom. Victor Toba', 'Compraventa Vehiculos', 7, 23, 89, 'Gran Avenida 4622', '2-4150150', ''),
('767240201', 'Inversiones San Jorge', 'Serviteca', 5, 11, 30, 'Av La Cantera Esquina Ruta 5', '', 'mlillo@tytservicenter.cl'),
('767294093', 'Gicer Servicios Ltda', 'Servicio', 7, 23, 114, 'Gran Avenida 9664, El Bosque', '225273053', 'adm.gicer@gmail.com'),
('767505604', 'Buses Hualpen', 'Trasnporte', 11, 39, 233, 'Arteaga Alemparte 8983', '42-2913299', 'nmardones@buseshualpen.cl'),
('767518846', 'Andraca y Commentz Ltda', 'Ferreteria', 7, 23, 96, 'Barros Borgoño 71', '', ''),
('767673906', 'Automotriz Panamericana', 'Taller', 8, 28, 148, 'Avda. Bernardo O´higgins 436', '72-714795', 'recepción@automotrizpanamericana.cl'),
('767688474', 'Sociedad Comercial Segardi Ltd', 'Serviteca ', 8, 28, 151, 'Arturo Prat 623', '9 5829 0220', 'segardilimitada@gmail.com'),
('767815800', 'Neuma - Red', 'Serviteca', 11, 39, 233, 'Freire 1', '2229000', ''),
('767815808', 'Neumared S.A.', 'Serviteca', 6, 18, 65, 'Av. Chacabuco 1974', '322223030', 'nmolina@neumared.cl'),
('767818785', 'Full Mecanica ltda', 'Serviteca ', 12, 42, 283, 'Saturnino Epulef 739 ', '968457951', ''),
('767934114', 'WM Servicios S.P.A', 'Serviteca', 7, 23, 86, 'San Ignacio 2544', '2-23575327', 'wmserviciosspa@gmail.com'),
('76810008k', 'Tecnicentro Automotriz.', 'Serviteca', 7, 23, 113, '5 de abril 3485 Esq dolores', '227736198', 'hernan@centroautomotriz.cl'),
('768208360', 'L.B. Servicio', 'Taller', 7, 23, 108, 'Linares 0771, La Granja', '9-76228270', 'lavezzolo.geovanni@gmail.com'),
('768247609', 'car center AYB Car Services Lt', 'Carcenter', 7, 24, 118, 'Av. Concha y Toro 1149', '87397873', 'calfago@hotmail.com'),
('768252750', 'Rueda Stock SPA', 'Serviteca', 9, 32, 177, '6 Norte 1681 con Av Cancha Rayada, Talca', '9 9228 3815', 'mauricoalvarez@ruedastock.cl'),
('76839475K', 'Lubricentro Delinos SPA', 'Taller ', 7, 23, 110, '', '957490664', 'lubricentrodelinos@gmail.com'),
('768655103', 'Leon Puerto Montt S.A', 'Serviteca ', 14, 46, 311, 'Diego Portales 1330 ', '652437430', 'robinson@leon.cl'),
('768680893', 'Hagalgal SPA', 'Serviteca', 7, 22, 83, '', '9-80070890', ''),
('76891567', 'Elizabeth Vergara', 'Taller', 7, 23, 94, 'Huiliches 634', '93384197', ''),
('768940509', 'Automotora Gaut SPA', 'Automotora', 7, 23, 96, 'El Aguilucho 3538, Providencia', '2 2421 0612', 'claudio.mondaca@citroengaut.cl'),
('76905359K', 'Ram Servicio Automotriz SPA', 'Taller', 7, 23, 101, 'Av Marathon 3267, Macul', '', ''),
('76933422k', 'Soc. Lubricentros Baeza Ltda. ', 'Lubricentro', 6, 21, 80, 'Bueras 252 Limache. ', '966753228', 'lubricentro.baezaltda@gmail.com'),
('769431500', 'Off Road', 'serviteca', 7, 23, 95, 'Av. San Pablo 10200', '227502500', 'hmorales@offroad.cl'),
('769513671', 'Gilabert e Hijos ', 'Taller ', 7, 23, 115, 'Independencia 3060', '227361102', 'gilabert@gilabert.cl '),
('769559507', 'Raul Rodriguez Vigueras y Cia.', 'Taller', 10, 35, 199, 'Collin 400', '41-2570695', ''),
('76969906', 'Fermin Luengo', 'Taller', 7, 23, 93, 'Martinez de Rosas 5093', '7744229', ''),
('769703705', 'Gabriel Barbera Construccion y', 'Taller', 4, 9, 23, 'Copayapu 852', '(52)219109', ''),
('76972673K', 'Sociedad Automotriz 4TEC Ltda ', 'Taller ', 7, 23, 105, 'Alsacia 99 ', '981833848', ''),
('769765808', 'Grandleasing Chile Ltda.', 'Serviteca', 3, 7, 17, 'Avda. El coihue 525', '55-530572', ''),
('770086701', 'Comercial Portillo S.A.', '', 7, 23, 99, 'A. Irrarazabal 280', '24491603', 'jmosqueira@portillo.cl'),
('770139643', 'Auto Sanz Spa', 'Taller ', 7, 23, 104, 'Alfredo Arteaga 1675', '954384600', 'jodss1995@gmail.com'),
('770398606', 'Vulcanización y Recauchajes Ma', 'Vulcanizacion', 5, 11, 31, 'Av Los Talleres 1770', '51-2230262', 'prominltda@hotmail.com'),
('770522307', 'Sociedad Galbau Ltda', 'lubricentro', 7, 23, 103, 'Ferrocarril 7485', '25640776', 'hans@autogalvez.cl'),
('770573600', 'Automotriz Arauco', 'Concesionario', 14, 45, 297, 'Vicroria 477', '2237693', 'jefetaller@automotrizarauco.cl'),
('770579600', 'Automotriz Arauco', 'Concesionario', 14, 45, 297, 'Vicroria 477', '64-2237693', 'cotarola@automotrizarauco.cl'),
('770725704', 'Pirelli Neumaticos Chile Ltda', 'Neumaticos', 7, 23, 105, 'Cerro El Plomo 5420 Oficina 867', '98296873', 'alexis.godoy@pirelli.com'),
('770973902', 'Sociedad Fernando Gomez', 'Serviteca', 11, 39, 233, 'Victor Lamas 135', '41-2795559', ''),
('771305407', 'Comercial Gomar Ltda.', 'Serviteca', 8, 28, 148, 'Av. Libertador Bernardo O´higgins 909', '', 'Comercialgomar@gmail.com'),
('771345101', 'Minera Atacama Kozan', 'Taller', 4, 9, 23, 'Parcela los Oliva, pta. Del cobre', '(52)203800', ''),
('771520901', 'Automotriz ASC Ltda.', 'Serviteca', 7, 23, 86, 'Coquimbo', '', ''),
('772056303', 'Comercializadora dee Neumatico', 'Serviteca ', 7, 23, 94, 'Carretera gnral San Martin 9360 ', '228448878', 'krojas@lucasblandford.cl'),
('772114907', 'Lubricantes  Andrades y Sarmie', 'Serviteca', 6, 21, 79, 'Av. Freire 1488', '32-2498976', ''),
('772242204', 'Automotriz Klein Ltda', 'Automotora', 14, 46, 311, 'Buin 678', '', ''),
('772380607', 'Rosenberger Sudamerica Ltda', '', 7, 23, 86, 'Aldunate 1961, Santiago', '9 91381452', 'mauricio@rosenberger.cl'),
('773038007', 'Leon y Cia Ltda.', 'Serviteca', 7, 23, 86, 'Irarrazabal 1518', '58005035', ''),
('773092400', 'Comercial Agüero', 'Taller', 14, 45, 297, 'Fundo El Castillo Sitio 1, Parque ind. O', '', 'psanchez@comercialaguero.cl'),
('773130604', 'Comercial Serpan Econorent', 'Renta de vehiculos', 12, 42, 263, 'Temuco', '(45) 215997', 'sgallardo@econorent.cl'),
('773281807', 'Breinbauer', 'Otros', 7, 23, 113, 'Benedicto XV 378', '7641774', 'jvargas@breinbauer.cl'),
('773311501', 'Manuel Rengifo y Cia Ltda.', 'Copec', 7, 23, 87, 'Costanera Norte KM 2,5', '78535031', ''),
('773375003', 'Distribuidora de Neumaticos de', 'Serviteca', 7, 23, 96, 'Av Francisco Bilbao 1907', '', 'gfuenzalida@dacsa.cl'),
('773587000', 'Comercial Cardebot Ltda.', 'Serviteca', 7, 23, 86, 'Avda. americo Vespucio norte 1155', '9501301', ''),
('773804605', 'Sociedad Automotora', 'Automotora', 8, 29, 160, 'Ohiggins 436', '', ''),
('77386680', 'Caballero y Quintana Ltda.', 'Servicio Tecnico', 6, 18, 66, 'Concepcion C9 casa 7', '32-2365923', 'cqltda@gmail.com'),
('773925607', 'Representaciones Exclusivas', 'Taller', 7, 23, 86, 'Santa Isabel 639', '2224053', ''),
('774086900', 'Servimeq', 'Servicio Tecnico', 7, 24, 118, 'Franco Sur 03343', '3184612', ''),
('774352309', 'Neumaticos y Llantas del Pacif', 'Serviteca', 7, 23, 86, '10 de Julio ', '6992667', ''),
('774352391', 'Neumaticos y Llantas del Pacif', 'Serviteca', 7, 23, 86, 'Gran Avenida 6087', '5232536', ''),
('774352399', 'Neumaticos y Llantas del Pacif', 'Serviteca', 7, 23, 86, 'Carlos Salas Herrera 4165', '2-22734490', 'marcelo.gutierrez@ruedas.cl'),
('7752240K', 'Comercial Serrano Ltda', 'Serviteca', 16, 54, 340, 'Av Presidente Manuel Bulnes 0205', '61-2212313', 'josebaha76@gmail.com'),
('775237201', 'Serrano Comercial Ltda', 'Serviteca', 7, 23, 86, 'Calle Serrano 30', '22638 2412', 'rogerpsv@gmail.com'),
('775400803', 'Joel Falcon', 'Taller', 7, 23, 109, 'Santa Cecilia', '2880908', ''),
('775787730', 'Luis Aroz Sanchez Ltda', 'Serv Automotriz', 7, 25, 122, 'Av Estadio 0120', '9-3351748', ''),
('776656003', 'Comercial Car Devices Ltda', 'Taller', 7, 23, 106, 'Los Torneros 602', '', 'cardevices@gmail.com'),
('77714930K', 'Soc Com AMW Ltda  Neumamerica ', 'Serviteca', 7, 23, 86, 'Bilbao 5845', '229800693', 'rcarrasco@neumamerica.cl'),
('777369806', 'Pits Autos', 'Automotora', 7, 23, 105, 'Av Cristobal Colon 6727,  Las Condes', '2 2212 8475', 'ruby.hernandez@pitsautos.cl'),
('77769730K', 'Rio Puelo S.A.', '', 7, 22, 84, '', '', ''),
('778253806', 'Carvajal y Carvajal Ltda', 'Taller', 4, 9, 23, 'Miguel Gallo 807-A', '052-240525', 'lubricentrocarvajal@gmail.com'),
('778296608', 'Sociedad Comercial Koala Ltda.', 'Serviteca', 7, 23, 96, 'José Manuel Infante 1754', '3419531', ''),
('778353806', 'Sara Erica Fuenzalida', 'Taller', 4, 9, 24, 'Los Tulipanes 869', '', ''),
('778645203', 'Autievre Motors Center Ltda', 'Taller', 7, 23, 112, 'Av Americo Vespucio Norte 1155 L.13 Movi', '26184515', 'nancy@motors.cl'),
('778726009', 'Multi-Service Ltda', 'Taller', 7, 23, 89, 'Segunda Transversal 6355 ', '23114000', 'multiservice@vtr.net'),
('778878003', 'Sociedad Rodriguez y Alvarez', 'Serviteca', 8, 29, 160, 'Ohiggins  436', '98745908', 'carlosz@neumacenter.com'),
('778894300', 'Salazar Hnos. y Cia. Ltda.', 'Serviteca', 3, 7, 17, 'Latorre 3060', '', ''),
('778899102', 'Servicio Patricio Gracia y Cia', 'Automotora', 7, 23, 99, 'Av Irrarrazaval 1154', '23413723', 'administracion@mitsubishigracia.cl'),
('779129306', 'Comercial Frara', 'taller', 7, 23, 110, 'El Parron 272', '25489011', ''),
('779210901', 'SOC. MARIN Y MARTICORENA LTDA.', 'Serviteca', 6, 18, 66, 'UNO NORTE 1527', '32-2330201', ''),
('780688300', 'Automotriz Coadig Ltda', 'Serviteca', 9, 31, 168, 'Manzo de Velasco 216, Curico.', '75 2313641', 'hector.canales@coadig.cl'),
('780692502', 'Ingenieria de Transporte Javie', 'Transporte', 7, 23, 94, 'Linconyan 9780', '7335065', ''),
('78098600K', 'Fronza', 'Concesionario', 6, 18, 65, 'Hortanecha 2615', '76243128', ''),
('781286109', 'Sociedad de Transportes Charri', 'Trasnporte', 7, 23, 95, 'Av Americo Vespucio 1286', '226175600', 'ccortes@charriot.cl'),
('781487309', 'Automotriz Seneisse Ltda', 'DyP', 7, 23, 86, 'Santa Elena 1471, Santiago', '2 2554 5045', ''),
('78186310K', 'Inversiones e Inmobiliaria Sim', 'Taller', 7, 23, 86, 'Madrid 811', '8446311', ''),
('78199460k', 'Grbac y Grbac y Cia Ltda', 'Serviteca', 7, 23, 105, 'Manquehue Sur 1986', '222460539', 'enniogrbac@grbac.cl'),
('782395602', 'Supermercado del Neumático', 'Serviteca', 3, 7, 17, 'Pedro Aguirre Cerda 6965', '55-450626', 'rzuniga@sdn.cl'),
('78262907', 'Franklin Luis Rivera Latrille', 'Taller', 4, 9, 23, '', '', 'riveralatrille@gmail.com'),
('782631004', 'Amstroms Ltda.', 'Taller', 11, 39, 233, 'Freire S/N', '', ''),
('782695800', 'Soc. Pasten y Bou Ltda.', '', 5, 12, 36, 'Tangue 330', '53-2630076', 'pastenybou_11@hotmail.com'),
('783308703', 'Servicio de Mantención de vehi', 'Taller', 7, 23, 86, 'El aguilucho 3449', '2747605', ''),
('784127907', 'Transportes Rioalto', 'Transporte', 8, 28, 151, '21 de mayo 2176', '72-533784', ''),
('784195600', 'Distribuidora de Vehivulo Suzu', 'Serviteca', 6, 18, 66, '5 Oriente 204', '32-2574300', ''),
('784533107', 'Auto Impacto Ltda', 'Servicio ', 10, 35, 199, 'Claudio Arrau 1043', '42 2223370', 'jrabiev@udd.cl'),
('784629708', 'Comercial La Pampa Ltda', 'Concesionario', 5, 11, 30, 'Jose Manuel Balmaceda S/N', '', 'servicio.lapampa@gmail.com'),
('78475315', 'Sergio Antonio Leiva Troncoso', 'Serviteca', 7, 23, 111, 'Vivaceta 411', '224573486', ''),
('785624602', 'Oictavio Rios', 'Taller', 11, 39, 243, 'Jaime repullo 1424', '41-2240910', ''),
('785957105', 'NeumaServicio Ltda Iquique', 'Serviteca', 2, 3, 6, 'Ruta A-16 Esq. Santa Rosa de Molles', '57-2498378', 'robertoamadori@neumaservicio.cl'),
('786192404', 'Dacovi Ltda', 'Serviteca', 1, 1, 1, 'Azola 3077', '58-2215855', 'dacovi-arica@hotmail.com'),
('786400600', 'Nelub Freire Ltda', 'Taller', 6, 18, 350, 'Av. Freire 995', '31988896', 'nelub995@gmail.com'),
('78649320k', 'Martinez Urrejola', 'Taller', 10, 35, 199, 'Av Collin 788', '42-2437020', ''),
('78703750K', 'Trasportes Ocaña Ltda', 'Trasnporte', 7, 23, 91, 'Av Lo Boza 5902', '22-7679841', 'patricio@transportesocaña.cl');
INSERT INTO `clientes` (`codigo_cliente`, `nombre_cliente`, `giro_cliente`, `region_cliente`, `provincia_cliente`, `comuna_cliente`, `direccion_cliente`, `fono_cliente`, `mail_cliente`) VALUES
('787391508', 'Gurovich y Asociados Ltda', 'Taller', 6, 18, 69, 'Ruta F-30E s/n Sector La Greda', '', 'edgardoramirezbaeza@gmail.com'),
('787706304', 'Comercial Automotriz Siglo Xxi', 'Automotora', 6, 16, 54, 'Ohiggis 961', '34-2534400', 'ivan.chavez@xxi.cl'),
('787712002', 'Sociedad Inv. El Tesoro Ltda.', '', 7, 23, 86, 'Upsala 357 Of. 163', '', ''),
('787993702', 'Ruiz y Cia Ltda', 'taller', 2, 3, 6, 'Eloy Ramirez  1515', '57-2439939', 'jgarciaa@vtr.cl'),
('788187203', 'Soc Comercial Mirador Ltda', 'Taller', 5, 12, 36, 'Vicuña Mackena 975', '53-2631915', ''),
('78890590', 'Frenoteca RAVIC', 'Frenos', 6, 19, 72, 'Av. Chile 495', '94354078', ''),
('789006601', 'Grass y Arueste', 'Taller', 7, 23, 99, 'Irarrazabal', '4853030', ''),
('78930802', 'Carlos Rosental', 'Taller', 7, 23, 100, 'Supermercado Monserrat paradero 7 pajari', '96518173', ''),
('789678308', 'Stuardo Ltda', 'Concesionario', 12, 42, 263, 'Carrera 906', '92193152', ''),
('789833907', 'Alfa y Alfa Ltda ', '', 7, 23, 86, 'Departamental 3476', '221-4624', ''),
('79138045', 'Jose Guerra Pizarro', 'Taller', 9, 31, 168, 'Av. Ramon Freire S/N', '99189636', ''),
('79528950k', 'Automotriz Carmona y Cia Ltda', 'Automotora', 5, 11, 30, 'Av Estadio 3610', '', 'serviciotecnico@carmonaycia.cl'),
('795674209', 'Comercializadora Indumotora ', 'Concesionario', 7, 23, 99, 'Av. Vicuña Mackenna 1796', '27226067', 'flavio.ordones@indumotora.cl'),
('795694209', 'Comercializadora Indumotora', 'Concesionario', 7, 23, 104, 'La Dehesa 545', '27226006', ''),
('795752501', 'Ing Automotriz Macias y Cia Lt', 'Automotora', 7, 23, 95, 'Av Americo Vespucio 1256', '232024230', 'glopezm@maciasautos.cl'),
('795822208', 'Transportes Nazar', 'Transporte', 7, 25, 121, 'Av camino lo sierra 02302', '22305350', ''),
('795862005', 'Automotora Sta Maria Ltda ', '', 9, 32, 177, 'Dos Oriente # 1759 ', '71-232019', ''),
('795874100', 'Automotriz Miranda', 'Concesionario', 3, 7, 17, 'Buenos Aires 430', '73326783', ''),
('796093307', 'Soc. de Repuestos Radal', 'Taller', 3, 7, 17, 'Buenos Aires 430', '55-251028', ''),
('796384301', 'Andinor', 'Taller', 7, 22, 83, 'Av. Eduardo Frei Montalva 18001', '7193812', ''),
('79649140K', 'Automotores Gildemeister', 'Taller', 7, 23, 117, 'Pedro Aguirre Cerda', '9 9620 4200', 'mdevia@gildemeister.cl'),
('796499702', 'Servimaq S.A.', 'Servicio Tecnico', 14, 45, 297, '', '', 'cfritz@servimaq.cl'),
('796829109', 'Jmc Autos Ltda.', 'Transporte', 8, 28, 148, 'Carretera Eduardo Frei Montalva 340', '72-210483', ''),
('796917407', 'Automotora Alameda Ltda', 'Automotora', 8, 29, 160, 'Av Bernardo Ohiggins 999', '42-889415', 'luis.rubio@automotora alameda.cl'),
('797353604', 'Inversiones Automotrices ltda', 'renta car', 7, 23, 106, 'Av Ossa 2127', '22776726', ''),
('797806005', 'Cidef Comercial S.A', ' Automotora', 3, 7, 17, 'Sargento Aldea 335', '55-2226367', 'mparra@cidef.cl'),
('798008105', 'Automotora Vega Artus Ltda', 'Automotora', 8, 28, 148, 'Av Miguel Ramirez 230 Lote A1', '72-218899', ''),
('798021605', 'Import Service Casanova ', 'Subdistribuidor ', 7, 23, 86, 'MATUCANA 24-A', '', 'cae@casanova.cl '),
('798397109', 'Felipe De Hekereen Automotriz', 'Serviteca', 7, 23, 87, 'Vitacura 9566', '2298350', ''),
('79853470k', 'Automotriz Cordillera S.A', 'Concesionario', 11, 39, 233, 'Av. Paicavi 2592', '8-4790664', ''),
('798627503', 'Transporte CCU ', '', 7, 23, 115, 'Panamericana Norte 8000', '952076809', 'aabravo@ccu.cl '),
('798734202', 'Sociedad Fernando Gomez', 'Serviteca', 11, 39, 233, 'Paicavi 2258', '', 'nrobles@fernandogomez.cl'),
('799177609', ' AyR ltda', 'Serviteca', 6, 18, 66, '13 Norte1269', '32-2482020', 'jpenroz@ayrautomotriz.cl'),
('799215608', 'Automotriz Portillo S.A.', 'Concesionario', 7, 23, 112, 'Av. Americo Vespucio 095, Huechuraba ', '2 2463 7300', 'grojas@portillo.cl'),
('799517000', 'Necsa Comercial S.A.', 'Neumaticos', 5, 11, 30, 'California 882', '22-4607239', 'abudconstanza@la-bridgestone.com'),
('799547708', 'Automoviles Chamy Hnos y Cia .', 'Automotora', 7, 23, 99, 'Av Irarrazaval 2223', '22-2042822', 'repuestos@chamyhnos.cl'),
('799955202', 'Soc Comercial San Jorge', 'Serviteca', 16, 54, 340, 'Angamos 568', '61-2247262', 'cmansilla@sanjorgeonline.com'),
('803147000', 'Empresa de Transportes Rurales', 'Trasnporte', 7, 23, 113, 'Jesus Diez Martinez 800', '', 'miguel.cares@turbus.cl'),
('805229004', 'kovacs y cia', 'concesionario', 7, 23, 96, 'seminario 385', '26379800', '995703414'),
('805373008', 'Larrain y Valdes Ltda.', 'Automotora', 7, 23, 86, 'Avda. Vic. Mackenna 357', '3313700', ''),
('80643632', 'Jaime Escudero Acosta', 'Taller', 3, 7, 17, 'El Roble 7181', '55-2235653', 'j.escudero56@gmail.com'),
('80662599', 'Ana Maria Umaña', 'Vulcanizacion', 6, 18, 66, '', '', 'anamariauma@hotmail.cl'),
('80930178', 'Serv. Integrales Mecanica Mult', 'Taller', 7, 23, 110, 'Brisas del maipo 0146', '', 'ceciliasalazar@mcsa.cl'),
('809865002', 'Triggs S.A', 'Serviteca', 9, 31, 168, 'Av Alessandri 2000', '75-2385000', 'pdiaz@fisterra.cl'),
('811984000', 'Inalco S.A.', 'Concesionario', 7, 23, 105, 'Cerro Colorado 5413', '228349086', 'msotelo@inalco.cl'),
('812642006', 'Ferrimex', 'taller', 4, 9, 23, 'Los Carreras 2982', '77682052', 'vmunoz@ferrimex.cl'),
('813187000', 'Pompeyo Carrasco', 'Automotora', 7, 23, 86, 'Camino Melipilla 11585', '4106568', 'jorge.duran@pompeyo.cl'),
('815451007', 'Cruciani y Compañía Ltda', 'Taller', 6, 18, 66, 'Av 1 Norte 3750', '32-2849852', 'servicios@cruciani.cl'),
('816056002', 'Abraham Zedan e Hijos', 'Serviteca', 7, 23, 86, 'Local  10 de Julio 1404', '9 9330 9368', 'jefe10dejulio@azedan.cl'),
('816056004', 'Abraham Zedan e Hijos', 'Serviteca', 7, 23, 100, 'Silva Carballo 1414', '9 9633 7032', 'jefemaipu@azedan.cl'),
('820672003', 'Instituto de Educacion Rural', 'Univercidad', 7, 23, 86, 'San Francisco 199', '', ''),
('821206006', 'Recasur Ltda.', 'Taller', 15, 49, 328, 'Baquedano 131 ', '96707119', ''),
('822156002', 'Insamar', 'Serviteca', 6, 18, 65, 'Av.Tupungato 3580', '32-2294242', ''),
('8242430k', 'Maria Ester Geofroy Martinez', 'Taller', 6, 21, 82, 'Segundo de Linea 2217', '3188770', ''),
('826773006', 'Organización Europea para la I', 'Observatorio', 3, 6, 14, 'Alonso de Cordova 3107, Vitacura', '', 'Horacio.lopez@alma.cl'),
('826845007', 'Jaime Ferrer y Cia Ltda.', 'Serviteca', 7, 27, 134, 'Leonardo Phillips 721', '8151224', ''),
('828675001', 'Tecnicentro Sierra Ltda.', 'taller', 7, 23, 93, 'Coronel Robles 1468', '227730705', 'gvega@tecnicentro.cl'),
('82923446', 'Luis Fuentes Paredes', 'Taller', 9, 33, 187, 'Camino Palmavida Km 7', '73-219353', ''),
('829957000', 'Derco S.A.', 'Automotora', 7, 23, 117, 'Av. Americo Vespucio 1501 (Mall Pza Oest', '9 9633 7220', 'gerardocastillo@derco.cl'),
('833668005', 'Antonio Castillo S.A.', 'Automotora', 9, 32, 177, 'Av 1 Norte 2265', '71-2241464', 'servicio.talca@autocastillo.cl'),
('835471004', 'Auto Rentas del Pacifico S.A.', 'Renta de vehiculos', 7, 23, 95, 'Avda. Americo Vespucio 1199-8', '3608766', ''),
('835471006', 'Autorentas del Pacifico (Hertz', 'Renta de vehiculos', 7, 23, 94, 'Americo Vespucio 1601', '223608677', ''),
('83827432', 'Geraldo Alcayaga', 'Estación de servicio', 5, 13, 41, ' Av. Presidente Allende s/n', '89189760', 'geraldalca@gmail.com'),
('83842916', 'Isabel diaz Arena', 'Taller', 8, 28, 150, 'El Abra 10', '551794', ''),
('83858133', 'Manuel Castro Alvarez', 'Serviteca', 9, 31, 168, 'Av. Freire 561', '75-326861', ''),
('842656001', 'Comercial Pio Nono Ltda.', 'Serviteca', 12, 42, 263, 'Rudecindo Ortega 01340', '229649156', 'rfernandez@pionono.cl'),
('84324884', 'Cristina Quispe Galvez', 'Serviteca', 3, 6, 14, 'Maipu 2813', '92266172', ''),
('84650803', 'Bernardo Aravena', 'Taller', 6, 18, 66, 'Calle Servicio 16 Agua Santa 16', '32-2616271', ''),
('84800856', 'Luis Hernan Ferrada Garrido (S', 'Luis Ferrada', 6, 17, 60, 'Av 21 de Mayo 404', '033-2256167', 'servitecaferrada@gmail.com'),
('848072001', 'Bruno Fritsch', 'Concesionario', 11, 39, 233, 'San Martin 73', '41-2405290', 'gzapata@brunofritsch.cl'),
('848311006', 'Comercial Artigues', 'serviteca', 5, 12, 36, 'benavente 780', '6-8487315', ''),
('848797006', 'Derco Center Aspillaga Hornaue', 'DercoCenter', 6, 18, 66, 'Quillota 766 - 795', '322769444', 'rgallardo@aspillagahornauer.cl '),
('849168002', 'Callegari e hijos Ltda.', 'Taller', 5, 11, 30, 'El Santo 1695', '(51)226198', ''),
('851211004', 'Antumalal', 'Taller', 10, 35, 199, 'Carrera 515', '9 7706 8095', 'playa1@antumalal.net'),
('85184600K', 'Cruz y Cia Ltda', 'Serviteca', 11, 39, 243, 'Ohiggins 313 Pob Santa Leonor', '41-2417232', 'rubenvalverde@cruzycia.cl'),
('852087005', 'Renta Equipos Leasing Ltda.', 'Renta de vehiculos', 8, 28, 148, 'Manuel Montt 1848, Rancagua', '84742146', ''),
('85256900k', 'Kaizen Automotriz', 'Taller', 7, 23, 86, 'San Francisco 1433, Santiago', '9-93570853', 'kza@kza.cl'),
('852741007', 'Red Barrera', 'Serviteca', 6, 18, 66, 'San Antonio 950', '32-2543759', ''),
('852757000', 'Arrimaq S.A.', 'Taller', 7, 25, 121, 'Santa Margarita 01870', '3829700', ''),
('852941007', 'Distribuidora Barrera y Cia ', 'Serviteca', 6, 16, 54, 'Yungay 369', '34-2343720', 'esteban.mercurino@redbarrera.cl'),
('85316869', 'Eduardo Figueroa', 'Taller', 7, 23, 95, 'Luis Beltran 1005', '6452649', ''),
('85673211', 'Elizabeth Riveros', 'Taller', 7, 23, 86, 'Bulnes 1470 Local A-25 y A-26', '6579162', ''),
('856746003', 'Autocentro Nicolas Copiapo', 'Taller', 4, 9, 23, 'Calle Chacabuco 725', '7-3366557', ''),
('857510003', 'Servicios Forestales y Comerci', 'Serv Forestales', 11, 39, 233, 'Callejon Puchacay 286', '41-2929907', 'rodrigo.contreras@serfocol.cl'),
('858658004', 'Hernan Toirkens y Cia Ltda', 'Taller', 14, 46, 307, 'Los Carreras 1760', '65-2421381', 'javier@toirkens.cl'),
('85879928', 'Rene Vasquez Olivera ', 'Taller', 14, 45, 297, '', '', 'rubenchacon@gmail.com'),
('85998919', 'Luis Monsalve', 'Taller', 6, 18, 70, 'Diego Portales S/N', '', ''),
('861931005', 'Ovalle Hermanos Ltda', 'Concesionario', 7, 23, 92, 'Bellavista 71', '2-27131200', 'za@ovallehnos.cl'),
('862087005', 'Renta Equipos Leasing Ltda.', 'Renta de vehiculos', 11, 39, 233, 'O´Higgins 265', '41-2469249', 'mauricio.arriagada@relsa.cl'),
('863855004', 'Comercial Anfruns Y cía. Ltda.', 'Serviteca', 8, 28, 148, 'Baquedano 12', '72-230001', ''),
('865190001', 'Maritano y Ebensperger', 'Concesionario', 11, 39, 233, 'Av. Paicavi 2340', '41-2105141', ''),
('86519000k', 'Maritano y Ebensperger', 'Taller', 11, 39, 233, 'Maipu 1135', '(41)2105144', ''),
('866001002', 'Metalurgica Industrial Tobalab', 'Metalurgica', 7, 23, 106, 'Av  Los Herreros 8582', '2-2273 1933', 'compras@mit.cl'),
('866010005', 'Ponce y Licci', 'Transporte', 7, 22, 84, 'Av. Pdte. E. Frei Montalva 18020', '', 'agame@ponceylicci.cl'),
('86629623', 'Asimpro', 'Taller', 7, 23, 86, '', '7447535', 'francisco_lopez@asimpros.cl '),
('86674122', 'RyH Lubricentro', 'Serviteca', 11, 39, 233, 'Lautaro 1910, Barrio Norte', '', 'ryhlubricentro@gmail.com'),
('867084002', 'Pompeyo Carrasco', 'Serviteca', 7, 23, 86, 'Camino Melipilla 11585', '62099887', 'ignacio.satt@pompeyo.cl'),
('868363002', 'Romanini Laca y Cia Ltda.', 'Taller', 7, 26, 125, 'Valdez 669', '', 'mgonzalez@romaninilaca.cl'),
('868553006', 'Riosan Compañía Ltda.', 'Taller', 11, 39, 243, 'Jaime Repullo 1424', '', 'salvador.navarro@riosan.cl'),
('868689005', 'Roman Avalos Gaete', '', 7, 23, 86, 'Jose Joaquin de Mora 2022', '95498360', ''),
('87413977', 'Centro Servicios Limahue', 'Taller', 7, 23, 109, 'Av Vicuña Mackena 11488, La Florida', '2-22883284', 'centroservicioslimahe@gmail.com'),
('878318005', 'Automotriz Val', 'Taller', 1, 1, 1, 'Paula Jaraquemada 12131', '(58) 583394', ''),
('881476002', 'Etx', 'serviteca', 7, 23, 103, 'Avda. Lo Espejo N°04400, Lo Espejo', '973081477', 'ihevia@etx.cl'),
('882552004', 'Vladimir Vaccaro', 'taller', 7, 23, 86, 'Porvenir 427', '2226848', ''),
('885029000', 'BatChile S.A.', 'Taller', 7, 23, 117, 'Av Suiza 244 ', '224646151', 'claudio.lopez@bat.com'),
('885256007', 'Sergio Escobar', 'Taller', 11, 39, 233, 'Paicavi 2613', '77669538', ''),
('890266002', 'Tecnologia de Transportes y Mi', 'Minera', 7, 23, 86, 'Avda. El Arrayan 1306', '6805917', 'fpoblete@ttmchile.cl'),
('891102003', 'Servicios Automotrices Ansa Lt', 'Taller', 7, 23, 86, 'Carmen 641', '', 'andres.cunill@ansaautomotriz.cl'),
('891350007', 'First Renta Car', 'Renta de vehiculos', 7, 23, 86, 'Tocornal 626', '22229603', 'grecomeza@firstrentacar.cl'),
('892128006', 'Omar Angermeyer y Cia Ltda', 'Serviteca', 14, 46, 312, 'San Francisco 1206', '65-2232410', 'omarpang@gmail.com'),
('894605006', 'Automotora Arauco', 'Automotora', 9, 32, 177, 'Av. San Miguel 3385', '71-240335', ''),
('896056004', 'Abraham Zedan e Hijos', 'Serviteca', 6, 18, 348, 'Av.Edmundo Eluchans # 1850', '2830541', ''),
('897664003', 'Bacon Chile', 'Taller', 13, 43, 284, 'Marino Lobera 180', '63-204810', ''),
('897774003', 'Comercial SP Ltda', 'Taller', 7, 23, 96, 'Seminario 665', '', 'ventas@cmercialsp.cl'),
('898210006', 'Valenzuela Delarze ', 'Automotora', 7, 23, 87, 'Padre Hurtado 1580', '9-98707893', 'egutierrez@valenzueladelarze.cl'),
('89881935', 'PEDRO JARAMILLO', 'Taller', 6, 18, 66, 'TOBOLARI 358', '9-0113936', ''),
('898964000', 'Comercial Antivero Ltda', 'Taller', 8, 29, 160, 'Longuitudinal Sur KM 135, San Fernando', '(9) 68451353', 'rvaraslabbe@gmail.com '),
('90386212', 'Rebeca Wilson', 'Taller', 7, 23, 86, 'Santa Raquel 8411', '78228675', ''),
('90647555', 'Patricio Angulo Escobar', 'Taller', 13, 43, 284, 'Clemente Escobar 939', '96455199', ''),
('911390000', 'Coseche S.A.', 'Automotora', 7, 23, 101, 'Vicuña Mackena 3500, Macul', '2-25953800', 'gabriel.leon@coseche.com'),
('911590000', 'Coseche S.A.', 'Serviteca', 7, 23, 104, 'Av La Dehesa 1965, Lo Barnechea', '225953940', 'daniel.latorre@coseche.com'),
('915020003', 'Salinas y Fabres SALFA', 'Taller', 11, 39, 243, 'Americo Vespucio 869', '2269140', ''),
('91877902', 'Juan Palma', 'Taller', 10, 35, 199, 'A. Varas 456', '97740588', ''),
('9218871k', 'Alex Eduardo Beas', 'Taller', 7, 23, 86, 'La Estrella 1430', '99314566', ''),
('924750006', 'Comercial Kaufmann S.A', 'Automotora', 7, 23, 113, 'Av Gladys Marin 5830', '27202000', 'dinfante@kaufmann.cl'),
('92529195', 'Miguel Iturra S.', 'Taller', 7, 23, 86, 'Avda. Vicuña Mackenna 8290', '', ''),
('926060007', 'Servicios Lucas Blandford S.A', 'Servicio Tecnico', 7, 23, 115, 'Av Panamericana norte 5305', '25809000', 'eflores@lucasblandford.cl'),
('92707202', 'Alex Cabello Saez', 'taller', 7, 23, 110, 'Fernandez Albano 62', '25580915', 'ventas@acresorte.cl'),
('929090004', 'Curifor', 'Automotora', 5, 11, 31, 'Ruta 5 Norte KM 461 n° 1700, Coquimbo', '51 232 6814', 'acalderon@curifor.com'),
('931410008', 'Lureye', 'Servicio', 7, 23, 86, 'Av Vicuña Mackena 1503, Santiago', '2 2897 5162', 'eliana.mora@lureye.cl '),
('932170000', 'Indumotora One', 'Concesionario', 7, 23, 95, 'Claudio Arrau 8600', '50935389', 'angel.poblete@indumotora.cl'),
('93323033', 'Joel Alexis Navarrete vidal', 'taller', 10, 35, 199, 'Palermo 497', '68474457', 'joeltr27@hotmail.com'),
('933523305', 'Covalsa S.A.', 'Automotora', 5, 11, 30, 'Av Balmaceda 2391', '51-2217070', 'hcontreras@covalsa.cl'),
('934350006', 'Citroen Chile SAC', 'Automotora', 7, 23, 86, 'Bellavista 0790', '25839045', ''),
('935150000', 'General Motors Chile', 'Fabrica', 7, 23, 112, 'Avda. A. Vespucio 811', '9-7334394', ''),
('935450004', 'Geotec Boyles Bros S.A.', 'Otros', 7, 23, 94, 'Av. Lo Campino 432', '25773334', 'imartinez@geotec.cl'),
('93600762', 'Luis Yañez Chamorro', '', 7, 23, 97, 'Laguna San Pedro 1526', '2792394', ''),
('936880002', 'Automotora Salfa Sur Ltda', 'Serviteca', 13, 44, 292, 'Augusto Grub 895', '64-322171', ''),
('93817605', 'Leopoldo Guzman Avila (Vulcani', 'Vulcanizacion', 7, 23, 92, 'Recoleta 6082', '', 'carolaineisabel@gmail.com'),
('941410006', 'Derco S.A.', 'Consecionaria', 7, 23, 86, 'Americo Vespucio 1842', '', ''),
('944330003', 'Automotriz Portezuelo', 'Taller', 7, 23, 106, 'Av Francisco Bilbao 5541', '', ''),
('95316611', 'Guillermo Diaz Palta', 'Taller', 5, 12, 36, 'Laura Pizarro s/n', '92604081', ''),
('962330002', 'Maco Industrial Y Comercial S.', 'Serviteca', 7, 23, 104, 'Ruber Barrales 1716', '', ''),
('96430833', 'Raquel Jara Olea', 'Taller', 9, 33, 190, 'Certenejas 155', '92433239', ''),
('964350006', 'Citroen Chile SAC', 'Automotora', 7, 23, 86, 'Cardenal Caro 2635 ', '225839260', 'cromero@citroen.cl'),
('965018409', 'Pelp Internacional S.A', 'Equipamiento Taller', 7, 23, 112, 'eL Rosal 4560', '2-28704367', 'mfigueroa@pelp.cl'),
('965569405', 'Proveedores Industriales Prisa', 'Trasnporte', 7, 23, 117, 'Las Rosas 5757', '28206037', 'lflorezr@prisa.cl'),
('965655808', 'Cia. E leasing Tattersall S.A.', 'Renta de vehiculos', 7, 23, 95, 'Avda. Americo Vespucio 1373', '225983336', 'cdecamino@tattersall.cl'),
('965723609', 'Comercial Kaufmann S.A', 'Concesionario', 7, 23, 105, 'Napoleón 3275', '2-27201281', 'jorgeramirez@kaufmann.cl'),
('96597220k', 'Comercial Dumay S.A', 'Concesionario', 7, 23, 87, 'Vitacura 3668', '27982700', ''),
('966618205', 'Automotriz Copelec', 'Concesionario', 10, 35, 199, 'Independencia 739, Chillán', '9-850505428', 'irocha@comercialcopelec.cl'),
('966954205', 'Williamson Balfour Motors', 'Automotora', 7, 23, 104, 'La Dehesa n° 265', '', 'imaraboli@inchcape.cl'),
('96703360k', 'Williamson Balfour Motors', 'Automotora', 7, 23, 104, 'La Dehesa n° 265', '', ''),
('967895202', 'Comercial Agricola Ferosor', 'Serviteca', 14, 45, 297, 'Los Carreras 643', '64-269200', 'neumaticos@ferosor.cl'),
('96792430k', 'Carcenter Iquique', 'Carcenter', 2, 3, 6, 'Av Heroes de la Concepción 2311 ', '65315609', ''),
('967947504', 'Avant Servicios Integrales S.A', 'Serviteca', 7, 23, 91, 'Panamericana norte  4470', '53633558', 'jgonzalez@caren.cl'),
('968009508', 'Kal tire', 'Recauchadora', 10, 35, 199, 'Km. 4/2 Panamericana Sur ', '', ''),
('968105507', 'Cantares de Chile S.A.', '', 7, 23, 86, 'Brasil 8775', '', ''),
('96828810', 'Consorcio Santa Marta', 'taller', 7, 25, 121, 'General Velasquez 8990', '25921236', 'marcelo.gutierrez@csmarta.cl'),
('968431404', 'Distribuidora Cummins Chile S.', 'Distribuidora', 3, 7, 17, 'Av Pedro Aguirre Cerda # 6015', '55-2576429', 'armando.olea@cummins.cl'),
('968495402', 'Transportes Vigal S.A.', 'Trasnporte', 6, 18, 67, 'Barrio Industrial 1 Las Higueras Lote 6 ', '', 'gdiaz@vigal.cl'),
('968660802', 'Promotors S.A.', 'Automotora', 7, 23, 99, 'Av Irarrazaval 1195, Ñuñoa', '9 9437 7147', 'djimenez@anfrunsmotors.cl'),
('968894404', 'Circulo Autos Mediterraneo Aut', 'Servicio Tecnico', 7, 23, 96, 'seminario 115', '22228915', ''),
('968991000', 'Ditec Automoviles S.A', 'Concesionario', 7, 23, 104, 'Jose Alcalde  Delano 10461', '25447315', 'mquezada@ditecautomoviles.cl'),
('969183005', 'Difor Chile Ltda.', 'Taller', 7, 23, 105, 'Av. Las condes 8744', '23276218', ''),
('969244008', 'AutoSummit  Chile S.A.', 'Taller', 7, 23, 106, 'Av Francisco Bilbao 3939', '26203020', 'fcelis@autosummit.cl'),
('96926693', 'Juan Carlos Gallardo Miranda', 'Taller', 14, 46, 311, 'La Unión 353', '65-2273123', 'lucasautospm@gmail.com'),
('969285304', 'Comercial Automotriz S.A.  SK ', 'Comercial', 7, 23, 86, 'Av Santa Isabel 360 / Argomedo 357', '228371614', ''),
('969748606', 'Leon y Compañía Ltda', 'Serviteca', 7, 23, 105, 'Cristobal Colon 6640', '5805025', ''),
('977056804', 'Chiprodal Bolson S.A.', 'Taller', 11, 38, 223, 'Laguna Laja 1230, Los Angeles', '9 6586 2701', 'manuelavelloa@hotmail.com'),
('98161945', 'Ivan Rocha Mergarejo', 'Taller', 10, 35, 199, 'Independencia 354', '', 'ivanrocha@servikiachillan.cl'),
('98718788', 'Juan Parraguez', 'Taller', 8, 29, 160, 'Cancha Rayada 757', '712182', ''),
('99244984', 'Hector Garrido Sepúlveda', 'Taller', 9, 32, 177, '12 Sur con 6 Oriente', '68479241', ''),
('995251000', 'Gama Leasing', 'Automotora', 7, 23, 95, 'Av Americo Vespucio Norte Express 1300 ', '2-27574477', 'enrique.mesias@gamaleasing.cl'),
('995285401', 'Nuevos S.A', 'Automotora', 7, 25, 121, 'Av Jorge Alessandri 20040', '9-6601781', 'sergioa017@gmail.com'),
('995285606', 'Serprocar s.a.', '', 5, 12, 36, 'Chorrillos 89', '313314', ''),
('995547007', 'Subus Chile S.A ', 'Transporte', 7, 23, 112, 'Recoleta 5203', '79687146', 'julio.goffard@subuschile.cl'),
('995666103', 'Ruedas Cordilleras', 'Serviteca', 6, 15, 50, 'Calle Santa Teresa 25', '96303900', ''),
('995754703', 'Servicios Industriales Minardi', '', 6, 15, 50, 'Av. Argentina Oriente 131', '34-344373', ''),
('995992000', 'DECAR', 'Taller ', 12, 42, 263, 'Ohiggins 302 ', '965650071', 'rolate@automovilesdecar.cl'),
('COMER', 'Soc. Com. Amw Ltda. ( Neumamer', 'Serviteca', 7, 23, 111, 'Gamero 2109', ' 2 2891-6870 ', 'lmalebran@neumamerica.cl'),
('NR', 'Patagonia', 'Taller', 14, 46, 311, 'Puerto Montt', '(65) 383431', '');

-- --------------------------------------------------------

--
-- Estructura de tabla para la tabla `comunas`
--

CREATE TABLE `comunas` (
  `id` int(11) NOT NULL,
  `comuna` varchar(64) NOT NULL,
  `provincia_id` int(11) NOT NULL
) ENGINE=InnoDB DEFAULT CHARSET=utf8;

--
-- Volcado de datos para la tabla `comunas`
--

INSERT INTO `comunas` (`id`, `comuna`, `provincia_id`) VALUES
(1, 'Arica', 1),
(2, 'Camarones', 1),
(3, 'General Lagos', 2),
(4, 'Putre', 2),
(5, 'Alto Hospicio', 3),
(6, 'Iquique', 3),
(7, 'Camiña', 4),
(8, 'Colchane', 4),
(9, 'Huara', 4),
(10, 'Pica', 4),
(11, 'Pozo Almonte', 4),
(12, 'Tocopilla', 5),
(13, 'María Elena', 5),
(14, 'Calama', 6),
(15, 'Ollague', 6),
(16, 'San Pedro de Atacama', 6),
(17, 'Antofagasta', 7),
(18, 'Mejillones', 7),
(19, 'Sierra Gorda', 7),
(20, 'Taltal', 7),
(21, 'Chañaral', 8),
(22, 'Diego de Almagro', 8),
(23, 'Copiapó', 9),
(24, 'Caldera', 9),
(25, 'Tierra Amarilla', 9),
(26, 'Vallenar', 10),
(27, 'Alto del Carmen', 10),
(28, 'Freirina', 10),
(29, 'Huasco', 10),
(30, 'La Serena', 11),
(31, 'Coquimbo', 11),
(32, 'Andacollo', 11),
(33, 'La Higuera', 11),
(34, 'Paihuano', 11),
(35, 'Vicuña', 11),
(36, 'Ovalle', 12),
(37, 'Combarbalá', 12),
(38, 'Monte Patria', 12),
(39, 'Punitaqui', 12),
(40, 'Río Hurtado', 12),
(41, 'Illapel', 13),
(42, 'Canela', 13),
(43, 'Los Vilos', 13),
(44, 'Salamanca', 13),
(45, 'La Ligua', 14),
(46, 'Cabildo', 14),
(47, 'Zapallar', 14),
(48, 'Papudo', 14),
(49, 'Petorca', 14),
(50, 'Los Andes', 15),
(51, 'San Esteban', 15),
(52, 'Calle Larga', 15),
(53, 'Rinconada', 15),
(54, 'San Felipe', 16),
(55, 'Llaillay', 16),
(56, 'Putaendo', 16),
(57, 'Santa María', 16),
(58, 'Catemu', 16),
(59, 'Panquehue', 16),
(60, 'Quillota', 17),
(61, 'La Cruz', 17),
(62, 'La Calera', 17),
(63, 'Nogales', 17),
(64, 'Hijuelas', 17),
(65, 'Valparaíso', 18),
(66, 'Viña del Mar', 18),
(67, 'Concón', 18),
(68, 'Quintero', 18),
(69, 'Puchuncaví', 18),
(70, 'Casablanca', 18),
(71, 'Juan Fernández', 18),
(72, 'San Antonio', 19),
(73, 'Cartagena', 19),
(74, 'El Tabo', 19),
(75, 'El Quisco', 19),
(76, 'Algarrobo', 19),
(77, 'Santo Domingo', 19),
(78, 'Isla de Pascua', 20),
(79, 'Quilpué', 21),
(80, 'Limache', 21),
(81, 'Olmué', 21),
(82, 'Villa Alemana', 21),
(83, 'Colina', 22),
(84, 'Lampa', 22),
(85, 'Tiltil', 22),
(86, 'Santiago', 23),
(87, 'Vitacura', 23),
(88, 'San Ramón', 23),
(89, 'San Miguel', 23),
(90, 'San Joaquín', 23),
(91, 'Renca', 23),
(92, 'Recoleta', 23),
(93, 'Quinta Normal', 23),
(94, 'Quilicura', 23),
(95, 'Pudahuel', 23),
(96, 'Providencia', 23),
(97, 'Peñalolén', 23),
(98, 'Pedro Aguirre Cerda', 23),
(99, 'Ñuñoa', 23),
(100, 'Maipú', 23),
(101, 'Macul', 23),
(102, 'Lo Prado', 23),
(103, 'Lo Espejo', 23),
(104, 'Lo Barnechea', 23),
(105, 'Las Condes', 23),
(106, 'La Reina', 23),
(107, 'La Pintana', 23),
(108, 'La Granja', 23),
(109, 'La Florida', 23),
(110, 'La Cisterna', 23),
(111, 'Independencia', 23),
(112, 'Huechuraba', 23),
(113, 'Estación Central', 23),
(114, 'El Bosque', 23),
(115, 'Conchalí', 23),
(116, 'Cerro Navia', 23),
(117, 'Cerrillos', 23),
(118, 'Puente Alto', 24),
(119, 'San José de Maipo', 24),
(120, 'Pirque', 24),
(121, 'San Bernardo', 25),
(122, 'Buin', 25),
(123, 'Paine', 25),
(124, 'Calera de Tango', 25),
(125, 'Melipilla', 26),
(126, 'Alhué', 26),
(127, 'Curacaví', 26),
(128, 'María Pinto', 26),
(129, 'San Pedro', 26),
(130, 'Isla de Maipo', 27),
(131, 'El Monte', 27),
(132, 'Padre Hurtado', 27),
(133, 'Peñaflor', 27),
(134, 'Talagante', 27),
(135, 'Codegua', 28),
(136, 'Coínco', 28),
(137, 'Coltauco', 28),
(138, 'Doñihue', 28),
(139, 'Graneros', 28),
(140, 'Las Cabras', 28),
(141, 'Machalí', 28),
(142, 'Malloa', 28),
(143, 'Mostazal', 28),
(144, 'Olivar', 28),
(145, 'Peumo', 28),
(146, 'Pichidegua', 28),
(147, 'Quinta de Tilcoco', 28),
(148, 'Rancagua', 28),
(149, 'Rengo', 28),
(150, 'Requínoa', 28),
(151, 'San Vicente de Tagua Tagua', 28),
(152, 'Chépica', 29),
(153, 'Chimbarongo', 29),
(154, 'Lolol', 29),
(155, 'Nancagua', 29),
(156, 'Palmilla', 29),
(157, 'Peralillo', 29),
(158, 'Placilla', 29),
(159, 'Pumanque', 29),
(160, 'San Fernando', 29),
(161, 'Santa Cruz', 29),
(162, 'La Estrella', 30),
(163, 'Litueche', 30),
(164, 'Marchigüe', 30),
(165, 'Navidad', 30),
(166, 'Paredones', 30),
(167, 'Pichilemu', 30),
(168, 'Curicó', 31),
(169, 'Hualañé', 31),
(170, 'Licantén', 31),
(171, 'Molina', 31),
(172, 'Rauco', 31),
(173, 'Romeral', 31),
(174, 'Sagrada Familia', 31),
(175, 'Teno', 31),
(176, 'Vichuquén', 31),
(177, 'Talca', 32),
(178, 'San Clemente', 32),
(179, 'Pelarco', 32),
(180, 'Pencahue', 32),
(181, 'Maule', 32),
(182, 'San Rafael', 32),
(183, 'Curepto', 33),
(184, 'Constitución', 32),
(185, 'Empedrado', 32),
(186, 'Río Claro', 32),
(187, 'Linares', 33),
(188, 'San Javier', 33),
(189, 'Parral', 33),
(190, 'Villa Alegre', 33),
(191, 'Longaví', 33),
(192, 'Colbún', 33),
(193, 'Retiro', 33),
(194, 'Yerbas Buenas', 33),
(195, 'Cauquenes', 34),
(196, 'Chanco', 34),
(197, 'Pelluhue', 34),
(198, 'Bulnes', 35),
(199, 'Chillán', 35),
(200, 'Chillán Viejo', 35),
(201, 'El Carmen', 35),
(202, 'Pemuco', 35),
(203, 'Pinto', 35),
(204, 'Quillón', 35),
(205, 'San Ignacio', 35),
(206, 'Yungay', 35),
(207, 'Cobquecura', 36),
(208, 'Coelemu', 36),
(209, 'Ninhue', 36),
(210, 'Portezuelo', 36),
(211, 'Quirihue', 36),
(212, 'Ránquil', 36),
(213, 'Treguaco', 36),
(214, 'San Carlos', 37),
(215, 'Coihueco', 37),
(216, 'San Nicolás', 37),
(217, 'Ñiquén', 37),
(218, 'San Fabián', 37),
(219, 'Alto Biobío', 38),
(220, 'Antuco', 38),
(221, 'Cabrero', 38),
(222, 'Laja', 38),
(223, 'Los Ángeles', 38),
(224, 'Mulchén', 38),
(225, 'Nacimiento', 38),
(226, 'Negrete', 38),
(227, 'Quilaco', 38),
(228, 'Quilleco', 38),
(229, 'San Rosendo', 38),
(230, 'Santa Bárbara', 38),
(231, 'Tucapel', 38),
(232, 'Yumbel', 38),
(233, 'Concepción', 39),
(234, 'Coronel', 39),
(235, 'Chiguayante', 39),
(236, 'Florida', 39),
(237, 'Hualpén', 39),
(238, 'Hualqui', 39),
(239, 'Lota', 39),
(240, 'Penco', 39),
(241, 'San Pedro de La Paz', 39),
(242, 'Santa Juana', 39),
(243, 'Talcahuano', 39),
(244, 'Tomé', 39),
(245, 'Arauco', 40),
(246, 'Cañete', 40),
(247, 'Contulmo', 40),
(248, 'Curanilahue', 40),
(249, 'Lebu', 40),
(250, 'Los Álamos', 40),
(251, 'Tirúa', 40),
(252, 'Angol', 41),
(253, 'Collipulli', 41),
(254, 'Curacautín', 41),
(255, 'Ercilla', 41),
(256, 'Lonquimay', 41),
(257, 'Los Sauces', 41),
(258, 'Lumaco', 41),
(259, 'Purén', 41),
(260, 'Renaico', 41),
(261, 'Traiguén', 41),
(262, 'Victoria', 41),
(263, 'Temuco', 42),
(264, 'Carahue', 42),
(265, 'Cholchol', 42),
(266, 'Cunco', 42),
(267, 'Curarrehue', 42),
(268, 'Freire', 42),
(269, 'Galvarino', 42),
(270, 'Gorbea', 42),
(271, 'Lautaro', 42),
(272, 'Loncoche', 42),
(273, 'Melipeuco', 42),
(274, 'Nueva Imperial', 42),
(275, 'Padre Las Casas', 42),
(276, 'Perquenco', 42),
(277, 'Pitrufquén', 42),
(278, 'Pucón', 42),
(279, 'Saavedra', 42),
(280, 'Teodoro Schmidt', 42),
(281, 'Toltén', 42),
(282, 'Vilcún', 42),
(283, 'Villarrica', 42),
(284, 'Valdivia', 43),
(285, 'Corral', 43),
(286, 'Lanco', 43),
(287, 'Los Lagos', 43),
(288, 'Máfil', 43),
(289, 'Mariquina', 43),
(290, 'Paillaco', 43),
(291, 'Panguipulli', 43),
(292, 'La Unión', 44),
(293, 'Futrono', 44),
(294, 'Lago Ranco', 44),
(295, 'Río Bueno', 44),
(297, 'Osorno', 45),
(298, 'Puerto Octay', 45),
(299, 'Purranque', 45),
(300, 'Puyehue', 45),
(301, 'Río Negro', 45),
(302, 'San Juan de la Costa', 45),
(303, 'San Pablo', 45),
(304, 'Calbuco', 46),
(305, 'Cochamó', 46),
(306, 'Fresia', 46),
(307, 'Frutillar', 46),
(308, 'Llanquihue', 46),
(309, 'Los Muermos', 46),
(310, 'Maullín', 46),
(311, 'Puerto Montt', 46),
(312, 'Puerto Varas', 46),
(313, 'Ancud', 47),
(314, 'Castro', 47),
(315, 'Chonchi', 47),
(316, 'Curaco de Vélez', 47),
(317, 'Dalcahue', 47),
(318, 'Puqueldón', 47),
(319, 'Queilén', 47),
(320, 'Quellón', 47),
(321, 'Quemchi', 47),
(322, 'Quinchao', 47),
(323, 'Chaitén', 48),
(324, 'Futaleufú', 48),
(325, 'Hualaihué', 48),
(326, 'Palena', 48),
(327, 'Lago Verde', 49),
(328, 'Coihaique', 49),
(329, 'Aysén', 50),
(330, 'Cisnes', 50),
(331, 'Guaitecas', 50),
(332, 'Río Ibáñez', 51),
(333, 'Chile Chico', 51),
(334, 'Cochrane', 52),
(335, 'O\'Higgins', 52),
(336, 'Tortel', 52),
(337, 'Natales', 53),
(338, 'Torres del Paine', 53),
(339, 'Laguna Blanca', 54),
(340, 'Punta Arenas', 54),
(341, 'Río Verde', 54),
(342, 'San Gregorio', 54),
(343, 'Porvenir', 55),
(344, 'Primavera', 55),
(345, 'Timaukel', 55),
(346, 'Cabo de Hornos', 56),
(347, 'Antártica', 56),
(348, 'Reñaca', 18),
(349, 'Curauma', 18),
(350, 'El belloto', 18);

-- --------------------------------------------------------

--
-- Estructura de tabla para la tabla `cotizacion`
--

CREATE TABLE `cotizacion` (
  `codigo_cotizacion` int(5) NOT NULL,
  `codigo_cliente` varchar(9) NOT NULL,
  `fecha_cotizacion` date NOT NULL,
  `hora_cotizacion` time NOT NULL,
  `tipo` varchar(2) NOT NULL,
  `monto_neto` mediumint(6) NOT NULL,
  `iva` mediumint(6) NOT NULL,
  `total` mediumint(6) NOT NULL
) ENGINE=InnoDB DEFAULT CHARSET=utf8mb4;

-- --------------------------------------------------------

--
-- Estructura de tabla para la tabla `detalle_cotizacion`
--

CREATE TABLE `detalle_cotizacion` (
  `codigo_cotizacion` int(5) NOT NULL,
  `codigo_cliente` varchar(9) NOT NULL,
  `codigo_producto` varchar(15) NOT NULL,
  `cantidad` smallint(5) NOT NULL,
  `tipo` varchar(1) NOT NULL,
  `precio_venta` mediumint(6) NOT NULL,
  `subtotal` mediumint(6) NOT NULL
) ENGINE=InnoDB DEFAULT CHARSET=utf8mb4;

-- --------------------------------------------------------

--
-- Estructura de tabla para la tabla `detalle_factura_compra`
--

CREATE TABLE `detalle_factura_compra` (
  `codigo_factura_compra` varchar(15) NOT NULL,
  `codigo_proveedor` varchar(9) NOT NULL,
  `codigo_producto` varchar(15) NOT NULL,
  `cantidad` smallint(5) NOT NULL,
  `precio_compra` mediumint(6) NOT NULL,
  `subtotal_factura` mediumint(6) NOT NULL
) ENGINE=InnoDB DEFAULT CHARSET=utf8mb4;

--
-- Volcado de datos para la tabla `detalle_factura_compra`
--

INSERT INTO `detalle_factura_compra` (`codigo_factura_compra`, `codigo_proveedor`, `codigo_producto`, `cantidad`, `precio_compra`, `subtotal_factura`) VALUES
('010', '100668203', 'ACEITE', 1000, 1000, 1000000);

-- --------------------------------------------------------

--
-- Estructura de tabla para la tabla `detalle_factura_venta`
--

CREATE TABLE `detalle_factura_venta` (
  `codigo_factura_venta` int(5) NOT NULL,
  `codigo_cliente` varchar(9) NOT NULL,
  `codigo_producto` varchar(15) NOT NULL,
  `cantidad` smallint(5) NOT NULL,
  `tipo` varchar(1) NOT NULL,
  `precio_compra` mediumint(6) NOT NULL,
  `subtotal_factura` mediumint(6) NOT NULL
) ENGINE=InnoDB DEFAULT CHARSET=utf8mb4;

--
-- Volcado de datos para la tabla `detalle_factura_venta`
--

INSERT INTO `detalle_factura_venta` (`codigo_factura_venta`, `codigo_cliente`, `codigo_producto`, `cantidad`, `tipo`, `precio_compra`, `subtotal_factura`) VALUES
(1, '100668203', 'ACEITE', 1, 'P', 1100, 1100),
(2, '100668203', 'ACEITE', 1, 'P', 1100, 1100),
(3, '100668203', 'ACEITE', 10, 'P', 1100, 11000),
(4, '100668203', 'ACEITE', 1, 'P', 1100, 1100),
(5, '100668203', 'ACEITE', 1, 'P', 1100, 1100),
(6, '100668203', 'ACEITE', 1, 'P', 1100, 1100),
(7, '100668203', 'ACEITE', 1, 'P', 1100, 1100),
(8, '100668203', 'ACEITE', 1, 'P', 1100, 1100),
(9, '100668203', 'ACEITE', 1, 'P', 1100, 1100),
(10, '100668203', 'ACEITE', 1, 'P', 1100, 1100),
(11, '100668203', 'ACEITE', 1, 'P', 1100, 1100),
(12, '100668203', 'ACEITE', 1, 'P', 1100, 1100),
(13, '100668203', 'ACEITE', 1, 'P', 1100, 1100),
(14, '100668203', 'ACEITE', 1, 'P', 1100, 1100),
(15, '100668203', 'ACEITE', 1, 'P', 1100, 1100),
(16, '100668203', 'ACEITE', 1, 'P', 1100, 1100),
(17, '100668203', 'ACEITE', 1, 'P', 1100, 1100),
(18, '100668203', 'ACEITE', 1, 'P', 1100, 1100),
(19, '100668203', 'ACEITE', 1, 'P', 1100, 1100),
(20, '100668203', 'ACEITE', 1, 'P', 1100, 1100),
(21, '100668203', 'ACEITE', 1, 'P', 1100, 1100),
(22, '100668203', 'ACEITE', 1, 'P', 1100, 1100),
(23, '100668203', 'ACEITE', 1, 'P', 1100, 1100),
(24, '100668203', 'ACEITE', 1, 'P', 1100, 1100),
(25, '100668203', 'ACEITE', 1, 'P', 1100, 1100),
(26, '100668203', 'ACEITE', 1, 'P', 1100, 1100),
(27, '100668203', 'ACEITE', 1, 'P', 1100, 1100),
(28, '100668203', 'ACEITE', 1, 'P', 1100, 1100),
(29, '100668203', 'ACEITE', 1, 'P', 1100, 1100),
(30, '100668203', 'ACEITE', 1, 'P', 1100, 1100),
(31, '100668203', 'ACEITE', 1, 'P', 1100, 1100),
(32, '100668203', 'ACEITE', 1, 'P', 1100, 1100),
(33, '100668203', 'ACEITE', 1, 'P', 1100, 1100),
(34, '100668203', 'ACEITE', 1, 'P', 1100, 1100),
(35, '100668203', 'ACEITE', 1, 'P', 1100, 1100),
(36, '100668203', 'ACEITE', 1, 'P', 1100, 1100),
(37, '100668203', 'ACEITE', 1, 'P', 1100, 1100),
(38, '100668203', 'ACEITE', 1, 'P', 1100, 1100),
(39, '100668203', 'ACEITE', 1, 'P', 1100, 1100),
(40, '100668203', 'ACEITE', 1, 'P', 1100, 1100),
(41, '100668203', 'ACEITE', 1, 'P', 1100, 1100),
(42, '100668203', 'ACEITE', 1, 'P', 1100, 1100),
(43, '100668203', 'ACEITE', 10, 'P', 1100, 11000),
(44, '100668203', 'ACEITE', 1, 'P', 1100, 1100),
(45, '100668203', 'ACEITE', 1, 'P', 1100, 1100),
(46, '100668203', 'ACEITE', 1, 'P', 1100, 1100),
(47, '100668203', 'ACEITE', 10, 'P', 1100, 11000),
(48, '100668203', 'ACEITE', 1, 'P', 1100, 1100),
(49, '100668203', 'ACEITE', 1, 'P', 1100, 1100),
(50, '100668203', 'ACEITE', 1, 'P', 1100, 1100),
(51, '100668203', 'ACEITE', 1, 'P', 1100, 1100),
(52, '100668203', 'ACEITE', 1, 'P', 1100, 1100),
(53, '100668203', 'ACEITE', 1, 'P', 1100, 1100),
(54, '100668203', 'ACEITE', 1, 'P', 1100, 1100),
(55, '100668203', 'ACEITE', 10, 'P', 1100, 11000),
(56, '100668203', 'ACEITE', 1, 'P', 1100, 1100),
(57, '100668203', 'ACEITE', 1, 'P', 1100, 1100),
(58, '100668203', 'ACEITE', 1, 'P', 1100, 1100),
(59, '100668203', 'ACEITE', 1, 'P', 1100, 1100),
(60, '100668203', 'ACEITE', 1, 'P', 1100, 1100),
(61, '100668203', 'ACEITE', 1, 'P', 1100, 1100),
(62, '100668203', 'ACEITE', 1, 'P', 1100, 1100),
(63, '101565637', 'ACEITE', 1, 'P', 1100, 1100),
(64, '100668203', 'ACEITE', 1, 'P', 1100, 1100),
(65, '100668203', 'ACEITE', 1, 'P', 1100, 1100),
(66, '100668203', 'ACEITE', 1, 'P', 1100, 1100),
(67, '100668203', 'ACEITE', 1, 'P', 1100, 1100),
(68, '100668203', 'ACEITE', 1, 'P', 1100, 1100),
(69, '100668203', 'ACEITE', 1, 'P', 1100, 1100),
(70, '100668203', 'ACEITE', 1, 'P', 1100, 1100),
(71, '100668203', 'ACEITE', 1, 'P', 1100, 1100),
(72, '100668203', 'ACEITE', 1, 'P', 1100, 1100),
(73, '100668203', 'ACEITE', 10, 'P', 1100, 11000),
(73, '100668203', 'mantcomp', 1, 'S', 58000, 58000),
(73, '100668203', 'repdesm', 1, 'S', 75000, 75000),
(74, '100668203', 'ACEITE', 1, 'P', 1100, 1100),
(75, '100668203', 'ACEITE', 1, 'P', 1100, 1100),
(75, '100668203', 'mantcomp', 1, 'S', 58000, 58000),
(75, '100668203', 'repdesm', 1, 'S', 75000, 75000),
(76, '100668203', 'ACEITE', 1, 'P', 1100, 1100),
(77, '100668203', 'ACEITE', 1, 'P', 1100, 1100),
(78, '100668203', 'ACEITE', 1, 'P', 1100, 1100),
(78, '100668203', 'mantcomp', 1, 'S', 58000, 58000),
(78, '100668203', 'repdesm', 1, 'S', 75000, 75000),
(79, '100668203', 'ACEITE', 1, 'P', 1100, 1100),
(79, '100668203', 'mantcomp', 1, 'S', 58000, 58000),
(79, '100668203', 'repdesm', 1, 'S', 75000, 75000);

-- --------------------------------------------------------

--
-- Estructura de tabla para la tabla `factura_compra`
--

CREATE TABLE `factura_compra` (
  `codigo_factura_compra` varchar(15) NOT NULL,
  `codigo_proveedor` varchar(9) NOT NULL,
  `fecha_factura` date NOT NULL,
  `hora_factura` time NOT NULL,
  `monto_neto` mediumint(6) NOT NULL,
  `iva` mediumint(6) NOT NULL,
  `total_compra` mediumint(6) NOT NULL
) ENGINE=InnoDB DEFAULT CHARSET=utf8mb4;

--
-- Volcado de datos para la tabla `factura_compra`
--

INSERT INTO `factura_compra` (`codigo_factura_compra`, `codigo_proveedor`, `fecha_factura`, `hora_factura`, `monto_neto`, `iva`, `total_compra`) VALUES
('010', '100668203', '2020-10-28', '16:40:58', 1000000, 190000, 1190000);

-- --------------------------------------------------------

--
-- Estructura de tabla para la tabla `factura_venta`
--

CREATE TABLE `factura_venta` (
  `codigo_factura_venta` int(5) NOT NULL,
  `codigo_cliente` varchar(9) NOT NULL,
  `fecha_factura` date NOT NULL,
  `hora_factura` time NOT NULL,
  `monto_neto` mediumint(6) NOT NULL,
  `iva` mediumint(6) NOT NULL,
  `total_compra` mediumint(6) NOT NULL
) ENGINE=InnoDB DEFAULT CHARSET=utf8mb4;

--
-- Volcado de datos para la tabla `factura_venta`
--

INSERT INTO `factura_venta` (`codigo_factura_venta`, `codigo_cliente`, `fecha_factura`, `hora_factura`, `monto_neto`, `iva`, `total_compra`) VALUES
(1, '100668203', '2020-11-02', '16:23:48', 1100, 209, 1309),
(2, '100668203', '2020-11-02', '16:25:53', 1100, 209, 1309),
(3, '100668203', '2020-11-02', '16:29:51', 11000, 2090, 13090),
(4, '100668203', '2020-11-02', '16:31:17', 1100, 209, 1309),
(5, '100668203', '2020-11-02', '16:34:19', 1100, 209, 1309),
(6, '100668203', '2020-11-02', '16:35:20', 1100, 209, 1309),
(7, '100668203', '2020-11-02', '16:36:26', 1100, 209, 1309),
(8, '100668203', '2020-11-02', '16:36:47', 1100, 209, 1309),
(9, '100668203', '2020-11-02', '16:38:12', 1100, 209, 1309),
(10, '100668203', '2020-11-02', '16:38:58', 1100, 209, 1309),
(11, '100668203', '2020-11-02', '16:40:08', 1100, 209, 1309),
(12, '100668203', '2020-11-02', '16:40:53', 1100, 209, 1309),
(13, '100668203', '2020-11-02', '16:43:29', 1100, 209, 1309),
(14, '100668203', '2020-11-02', '16:47:53', 1100, 209, 1309),
(15, '100668203', '2020-11-02', '16:48:53', 1100, 209, 1309),
(16, '100668203', '2020-11-02', '16:50:04', 1100, 209, 1309),
(17, '100668203', '2020-11-02', '16:52:09', 1100, 209, 1309),
(18, '100668203', '2020-11-02', '16:55:00', 1100, 209, 1309),
(19, '100668203', '2020-11-02', '16:56:44', 1100, 209, 1309),
(20, '100668203', '2020-11-02', '16:58:37', 1100, 209, 1309),
(21, '100668203', '2020-11-02', '16:59:16', 1100, 209, 1309),
(22, '100668203', '2020-11-02', '17:00:27', 1100, 209, 1309),
(23, '100668203', '2020-11-02', '17:02:00', 1100, 209, 1309),
(24, '100668203', '2020-11-02', '17:02:25', 1100, 209, 1309),
(25, '100668203', '2020-11-02', '17:02:45', 1100, 209, 1309),
(26, '100668203', '2020-11-02', '17:03:08', 1100, 209, 1309),
(27, '100668203', '2020-11-02', '17:03:40', 1100, 209, 1309),
(28, '100668203', '2020-11-02', '17:04:10', 1100, 209, 1309),
(29, '100668203', '2020-11-02', '17:05:06', 1100, 209, 1309),
(30, '100668203', '2020-11-02', '17:05:48', 1100, 209, 1309),
(31, '100668203', '2020-11-02', '17:06:44', 1100, 209, 1309),
(32, '100668203', '2020-11-02', '17:07:41', 1100, 209, 1309),
(33, '100668203', '2020-11-02', '17:08:27', 1100, 209, 1309),
(34, '100668203', '2020-11-02', '17:19:56', 1100, 209, 1309),
(35, '100668203', '2020-11-02', '17:21:03', 1100, 209, 1309),
(36, '100668203', '2020-11-02', '17:22:25', 1100, 209, 1309),
(37, '100668203', '2020-11-02', '17:23:21', 1100, 209, 1309),
(38, '100668203', '2020-11-02', '17:24:48', 1100, 209, 1309),
(39, '100668203', '2020-11-02', '17:25:46', 1100, 209, 1309),
(40, '100668203', '2020-11-02', '17:26:15', 1100, 209, 1309),
(41, '100668203', '2020-11-02', '17:27:39', 1100, 209, 1309),
(42, '100668203', '2020-11-02', '17:28:13', 1100, 209, 1309),
(43, '100668203', '2020-11-02', '17:29:04', 11000, 2090, 13090),
(44, '100668203', '2020-11-02', '17:29:34', 1100, 209, 1309),
(45, '100668203', '2020-11-02', '17:39:14', 1100, 209, 1309),
(46, '100668203', '2020-11-02', '17:40:44', 1100, 209, 1309),
(47, '100668203', '2020-11-02', '17:44:56', 11000, 2090, 13090),
(48, '100668203', '2020-11-02', '17:45:24', 1100, 209, 1309),
(49, '100668203', '2020-11-02', '17:46:20', 1100, 209, 1309),
(50, '100668203', '2020-11-02', '17:51:22', 1100, 209, 1309),
(51, '100668203', '2020-11-02', '17:51:53', 1100, 209, 1309),
(52, '100668203', '2020-11-02', '17:53:30', 1100, 209, 1309),
(53, '100668203', '2020-11-02', '17:54:05', 1100, 209, 1309),
(54, '100668203', '2020-11-09', '17:55:14', 1100, 209, 1309),
(55, '100668203', '2020-11-02', '17:56:09', 11000, 2090, 13090),
(56, '100668203', '2020-11-02', '18:04:15', 1100, 209, 1309),
(57, '100668203', '2020-11-02', '18:05:19', 1100, 209, 1309),
(58, '100668203', '2020-11-02', '18:06:12', 1100, 209, 1309),
(59, '100668203', '2020-11-02', '18:06:43', 1100, 209, 1309),
(60, '100668203', '2020-11-02', '18:19:47', 1100, 209, 1309),
(61, '100668203', '2020-11-02', '18:20:50', 1100, 209, 1309),
(62, '100668203', '2020-11-02', '18:21:19', 1100, 209, 1309),
(63, '101565637', '2020-11-02', '19:10:29', 1100, 209, 1309),
(64, '100668203', '2020-11-02', '19:12:25', 1100, 209, 1309),
(65, '100668203', '2020-11-02', '19:13:26', 1100, 209, 1309),
(66, '100668203', '2020-11-02', '19:14:36', 1100, 209, 1309),
(67, '100668203', '2020-11-02', '19:19:55', 1100, 209, 1309),
(68, '100668203', '2020-11-02', '19:20:28', 1100, 209, 1309),
(69, '100668203', '2020-11-02', '19:20:57', 1100, 209, 1309),
(70, '100668203', '2020-11-02', '19:26:38', 1100, 209, 1309),
(71, '100668203', '2020-11-02', '19:27:09', 1100, 209, 1309),
(72, '100668203', '2020-11-02', '19:27:32', 1100, 209, 1309),
(73, '100668203', '2020-11-02', '19:33:02', 144000, 27360, 171360),
(74, '100668203', '2020-11-02', '19:46:55', 1100, 209, 1309),
(75, '100668203', '2020-11-02', '19:47:37', 134100, 25479, 159579),
(75, '100668203', '2020-11-02', '19:48:39', 1100, 209, 1309),
(76, '100668203', '2020-11-02', '20:52:02', 1100, 209, 1309),
(76, '100668203', '2020-11-02', '20:52:37', 1100, 209, 1309),
(77, '100668203', '2020-11-02', '21:07:05', 1100, 209, 1309),
(78, '100668203', '2020-11-02', '21:08:07', 134100, 25479, 159579),
(79, '100668203', '2020-11-02', '21:12:07', 151700, 28823, 180523);

-- --------------------------------------------------------

--
-- Estructura de tabla para la tabla `precio`
--

CREATE TABLE `precio` (
  `codigo` smallint(6) NOT NULL,
  `codigo_producto` varchar(15) NOT NULL,
  `fecha` date NOT NULL,
  `precio` mediumint(6) NOT NULL
) ENGINE=InnoDB DEFAULT CHARSET=utf8mb4;

--
-- Volcado de datos para la tabla `precio`
--

INSERT INTO `precio` (`codigo`, `codigo_producto`, `fecha`, `precio`) VALUES
(401, 'ACEITE', '2020-10-29', 0),
(402, 'OIL32', '2020-10-29', 0),
(403, 'OIL90', '2020-10-29', 0),
(404, 'OIL40', '2020-10-29', 0),
(405, 'OIL46', '2020-10-29', 0),
(406, '100991', '2020-10-29', 0),
(407, '100992', '2020-10-29', 0),
(408, '6001EM-300', '2020-10-29', 0),
(409, 'ANI34024', '2020-10-29', 0),
(410, 'ANI34025', '2020-10-29', 0),
(411, 'ANI35910', '2020-10-29', 0),
(412, '24712', '2020-10-29', 0),
(413, '24711', '2020-10-29', 0),
(414, '66251', '2020-10-29', 0),
(415, '46109', '2020-10-29', 0),
(416, '46114', '2020-10-29', 0),
(417, '8301030-0', '2020-10-29', 0),
(418, '8301257-0', '2020-10-29', 0),
(419, '0220036-8', '2020-10-29', 0),
(420, 'PMSVS', '2020-10-29', 0),
(421, 'JON10', '2020-10-29', 0),
(422, 'CP873', '2020-10-29', 0),
(423, 'JON05', '2020-10-29', 0),
(424, 'FILMSV', '2020-10-29', 0),
(425, 'CMSV40', '2020-10-29', 0),
(426, 'T6', '2020-10-29', 0),
(427, 'T8', '2020-10-29', 0),
(428, 'T10', '2020-10-29', 0),
(429, 'UTE8', '2020-10-29', 0),
(430, 'UTE6', '2020-10-29', 0),
(431, 'UT8', '2020-10-29', 0),
(432, 'UT6', '2020-10-29', 0),
(433, 'UR86', '2020-10-29', 0),
(434, 'CM81/4', '2020-10-29', 0),
(435, 'CM81/8', '2020-10-29', 0),
(436, 'CM61/4', '2020-10-29', 0),
(437, 'CM61/8', '2020-10-29', 0),
(438, 'TCM81/4', '2020-10-29', 0),
(439, 'TCM61/4', '2020-10-29', 0),
(440, 'TT1/4', '2020-10-29', 0),
(441, 'TT1/2', '2020-10-29', 0),
(442, 'TT3/4', '2020-10-29', 0),
(443, '510804', '2020-10-29', 0),
(444, '510808', '2020-10-29', 0),
(445, 'AR21/23', '2020-10-29', 0),
(446, 'CF-CABINA', '2020-10-29', 0),
(447, 'FF-CABINA', '2020-10-29', 0),
(448, 'FILP', '2020-10-29', 0),
(449, 'PF6051', '2020-10-29', 0),
(450, '50420', '2020-10-29', 0),
(451, '54003', '2020-10-29', 0),
(452, '54553', '2020-10-29', 0),
(453, '54000', '2020-10-29', 0),
(454, 'PER8', '2020-10-29', 0),
(455, 'PER10', '2020-10-29', 0),
(456, 'PER13', '2020-10-29', 0),
(457, 'PER16', '2020-10-29', 0),
(458, 'PER19', '2020-10-29', 0),
(459, 'PISTOL', '2020-10-29', 0),
(460, '14501', '2020-10-29', 0),
(461, '14260', '2020-10-29', 0),
(462, 'AMEX76', '2020-10-29', 0),
(463, 'BARR', '2020-10-29', 0),
(464, 'EAA0361J00A', '2020-10-29', 0),
(465, '37-0004', '2020-10-29', 0),
(466, 'REPMOT', '2020-10-29', 0),
(467, 'CH3GM', '2020-10-29', 0),
(468, 'KITTSC15', '2020-10-29', 0),
(469, '104090105', '2020-10-29', 0),
(470, 'FUENPOD', '2020-10-29', 0),
(471, 'BUJG', '2020-10-29', 0),
(472, 'REPMOT TOR', '2020-10-29', 0),
(473, 'VALRET', '2020-10-29', 0),
(474, 'EVAL', '2020-10-29', 0),
(475, 'PNDESM', '2020-10-29', 0),
(476, 'KITSELLOS', '2020-10-29', 0),
(477, 'TACOL', '2020-10-29', 0),
(478, 'TACOR', '2020-10-29', 0),
(479, 'TACOG', '2020-10-29', 0),
(480, 'TACOREC', '2020-10-29', 0),
(481, 'TACOO', '2020-10-29', 0),
(482, 'SOPORTMOT', '2020-10-29', 0),
(483, 'REPCIL2', '2020-10-29', 0),
(484, 'REPCIL4', '2020-10-29', 0),
(485, 'REPCILTIJ', '2020-10-29', 0),
(486, 'REPCILN', '2020-10-29', 0),
(487, 'REPDEST', '2020-10-29', 0),
(488, 'REPLA', '2020-10-29', 0),
(489, 'KITPUL', '2020-10-29', 0),
(490, 'MSW', '2020-10-29', 0),
(491, 'CORDON', '2020-10-29', 0),
(492, 'CDN4', '2020-10-29', 0),
(493, 'IGSERV', '2020-10-29', 0),
(494, 'PIODES', '2020-10-29', 0),
(495, 'PIOTRAB', '2020-10-29', 0),
(496, 'DEPELV2', '2020-10-29', 0),
(497, 'VALTR', '2020-10-29', 0),
(498, 'MANLAR', '2020-10-29', 0),
(499, 'MANCOR', '2020-10-29', 0),
(500, 'PDESM', '2020-10-29', 0),
(501, 'CCOMP', '2020-10-29', 0),
(502, 'CBALC', '2020-10-29', 0),
(503, 'CTOR', '2020-10-29', 0),
(504, 'BOMROLL', '2020-10-29', 0),
(505, 'UNIMOTOR', '2020-10-29', 0),
(506, 'MRECT', '2020-10-29', 0),
(507, 'Minf', '2020-10-29', 0),
(508, 'CANV', '2020-10-29', 0),
(509, 'KITVAL', '2020-10-29', 0),
(510, 'UMBOMB', '2020-10-29', 0),
(511, 'FLEXL', '2020-10-29', 0),
(512, 'FLEXC', '2020-10-29', 0),
(513, 'VAL53', '2020-10-29', 0),
(514, 'MANINF', '2020-10-29', 0),
(515, 'MANHI', '2020-10-29', 0),
(516, 'BOMHIDR', '2020-10-29', 0),
(517, 'REPUESTO', '2020-10-29', 0),
(518, 'ADPEJ', '2020-10-29', 0),
(519, 'ESTROT', '2020-10-29', 0),
(520, 'CONO', '2020-10-29', 0),
(521, 'AFRL-8', '2020-10-29', 0),
(522, '313578', '2020-10-29', 0),
(523, 'BOLM', '2020-10-29', 0),
(524, 'MPOL', '2020-10-29', 0),
(525, 'MANAIR', '2020-10-29', 0),
(526, 'BATLAR', '2020-10-29', 0),
(527, 'BATCOR', '2020-10-29', 0),
(528, 'NPTEE', '2020-10-29', 0),
(529, 'PLATOS', '2020-10-29', 0),
(530, 'TVOL', '2020-10-29', 0),
(531, 'TFR', '2020-10-29', 0),
(532, 'BOTPUL', '2020-10-29', 0),
(533, 'NPTDES', '2020-10-29', 0),
(534, 'FLX2020', '2020-10-29', 0),
(535, 'FLXMI', '2020-10-29', 0),
(536, '5000029', '2020-10-29', 0),
(537, '5000036', '2020-10-29', 0),
(538, '5000043', '2020-10-29', 0),
(539, '5000050', '2020-10-29', 0),
(540, '5000067', '2020-10-29', 0),
(541, '5000081', '2020-10-29', 0),
(542, '5000108', '2020-10-29', 0),
(543, '5000122', '2020-10-29', 0),
(544, '5000201', '2020-10-29', 0),
(545, '5000263', '2020-10-29', 0),
(546, '5050196', '2020-10-29', 0),
(547, '5059056', '2020-10-29', 0),
(548, '5059128', '2020-10-29', 0),
(549, '5059142', '2020-10-29', 0),
(550, '5059692', '2020-10-29', 0),
(551, '5003049', '2020-10-29', 0),
(552, '5003051', '2020-10-29', 0),
(553, '5003063', '2020-10-29', 0),
(554, '5060351', '2020-10-29', 0),
(555, '5060375', '2020-10-29', 0),
(556, '5060454', '2020-10-29', 0),
(557, '5960420', '2020-10-29', 0),
(558, '5960255', '2020-10-29', 0),
(559, '5101155', '2020-10-29', 0),
(560, '5958944', '2020-10-29', 0),
(561, '5102233', '2020-10-29', 0),
(562, '5102161', '2020-10-29', 0),
(563, '5102202', '2020-10-29', 0),
(564, '5103108', '2020-10-29', 0),
(565, '5111964', '2020-10-29', 0),
(566, '5113058', '2020-10-29', 0),
(567, '5113106', '2020-10-29', 0),
(568, '5954900', '2020-10-29', 0),
(569, '5954962', '2020-10-29', 0),
(570, '5954948', '2020-10-29', 0),
(571, '4302007', '2020-10-29', 0),
(572, '4302107', '2020-10-29', 0),
(573, '4302009', '2020-10-29', 0),
(574, '4302109', '2020-10-29', 0),
(575, '4301010', '2020-10-29', 0),
(576, '4301011', '2020-10-29', 0),
(577, '4302020', '2020-10-29', 0),
(578, '4303012', '2020-10-29', 0),
(579, '4303014', '2020-10-29', 0),
(580, '4303015', '2020-10-29', 0),
(581, '4305515', '2020-10-29', 0),
(582, '4305536', '2020-10-29', 0),
(583, '4305537', '2020-10-29', 0),
(584, '5196610', '2020-10-29', 0),
(585, '5196627', '2020-10-29', 0),
(586, '5196634', '2020-10-29', 0),
(587, '5196641', '2020-10-29', 0),
(588, '5196665', '2020-10-29', 0),
(589, '5196603', '2020-10-29', 0),
(590, '5196782', '2020-10-29', 0),
(591, '5196672', '2020-10-29', 0),
(592, '5196689', '2020-10-29', 0),
(593, '5121105', '2020-10-29', 0),
(594, '5121201', '2020-10-29', 0),
(595, '5121227', '2020-10-29', 0),
(596, '5121244', '2020-10-29', 0),
(597, '5121410', '2020-10-29', 0),
(598, '5121429', '2020-10-29', 0),
(599, '5121447', '2020-10-29', 0),
(600, '5125020', '2020-10-29', 0),
(601, '5125060', '2020-10-29', 0),
(602, '5125080', '2020-10-29', 0),
(603, '5123023', '2020-10-29', 0),
(604, '5123061', '2020-10-29', 0),
(605, '5123085', '2020-10-29', 0),
(606, '5120210', '2020-10-29', 0),
(607, '5120212', '2020-10-29', 0),
(608, '5120214', '2020-10-29', 0),
(609, '5120220', '2020-10-29', 0),
(610, '5120230', '2020-10-29', 0),
(611, '5120240', '2020-10-29', 0),
(612, '5120260', '2020-10-29', 0),
(613, '5120270', '2020-10-29', 0),
(614, '5120280', '2020-10-29', 0),
(615, '5120110', '2020-10-29', 0),
(616, '5120120', '2020-10-29', 0),
(617, '5120130', '2020-10-29', 0),
(618, '5120140', '2020-10-29', 0),
(619, '5120150', '2020-10-29', 0),
(620, '5120160', '2020-10-29', 0),
(621, '5126034', '2020-10-29', 0),
(622, '5126049', '2020-10-29', 0),
(623, '5126057', '2020-10-29', 0),
(624, '5126064', '2020-10-29', 0),
(625, '5126074', '2020-10-29', 0),
(626, '5126082', '2020-10-29', 0),
(627, '5126099', '2020-10-29', 0),
(628, '5126109', '2020-10-29', 0),
(629, '5121465', '2020-10-29', 0),
(630, '5121506', '2020-10-29', 0),
(631, '5121520', '2020-10-29', 0),
(632, '5121551', '2020-10-29', 0),
(633, '5121568', '2020-10-29', 0),
(634, '5121609', '2020-10-29', 0),
(635, '5121623', '2020-10-29', 0),
(636, '5121654', '2020-10-29', 0),
(637, '5121685', '2020-10-29', 0),
(638, '5121757', '2020-10-29', 0),
(639, '5121852', '2020-10-29', 0),
(640, '5121805', '2020-10-29', 0),
(641, '5121829', '2020-10-29', 0),
(642, '5121843', '2020-10-29', 0),
(643, '5121867', '2020-10-29', 0),
(644, '5122017', '2020-10-29', 0),
(645, '5122024', '2020-10-29', 0),
(646, '5122031', '2020-10-29', 0),
(647, '5122048', '2020-10-29', 0),
(648, '5122055', '2020-10-29', 0),
(649, '5122062', '2020-10-29', 0),
(650, '5159366', '2020-10-29', 0),
(651, '5159389', '2020-10-29', 0),
(652, '5173510', '2020-10-29', 0),
(653, '5169216', '2020-10-29', 0),
(654, '5169240', '2020-10-29', 0),
(655, '5161180', '2020-10-29', 0),
(656, '5160980', '2020-10-29', 0),
(657, '5161267', '2020-10-29', 0),
(658, '5161009', '2020-10-29', 0),
(659, '5161274', '2020-10-29', 0),
(660, '5930807', '2020-10-29', 0),
(661, '5931851', '2020-10-29', 0),
(662, '5159004', '2020-10-29', 0),
(663, '5169049', '2020-10-29', 0),
(664, '5950722', '2020-10-29', 0),
(665, '5954553', '2020-10-29', 0),
(666, '5954515', '2020-10-29', 0),
(667, '5961027', '2020-10-29', 0),
(668, '5951044', '2020-10-29', 0),
(669, '5951123', '2020-10-29', 0),
(670, '5952287', '2020-10-29', 0),
(671, '5952012', '2020-10-29', 0),
(672, '5954216', '2020-10-29', 0),
(673, '5954560', '2020-10-29', 0),
(674, '5950801', '2020-10-29', 0),
(675, '5954508', '2020-10-29', 0),
(676, '5197028', '2020-10-29', 0),
(677, '5954326', '2020-10-29', 0),
(678, '5954292', '2020-10-29', 0),
(679, '5193778', '2020-10-29', 0),
(680, '5193857', '2020-10-29', 0),
(681, '5641220', '2020-10-29', 0),
(682, '5642803', '2020-10-29', 0),
(683, '5642810', '2020-10-29', 0),
(684, '5642827', '2020-10-29', 0),
(685, '5642834', '2020-10-29', 0),
(686, '5642841', '2020-10-29', 0),
(687, '5642858', '2020-10-29', 0),
(688, '5642865', '2020-10-29', 0),
(689, '5642872', '2020-10-29', 0),
(690, '5642889', '2020-10-29', 0),
(691, '5642896', '2020-10-29', 0),
(692, '5642906', '2020-10-29', 0),
(693, '5640820', '2020-10-29', 0),
(694, '5640915', '2020-10-29', 0),
(695, '5640939', '2020-10-29', 0),
(696, '5640300', '2020-10-29', 0),
(697, '5171525', '2020-10-29', 0),
(698, '5177000', '2020-10-29', 0),
(699, '5171965', '2020-10-29', 0),
(700, '5171989', '2020-10-29', 0),
(701, '5172438', '2020-10-29', 0),
(702, '5177165', '2020-10-29', 0),
(703, '5177172', '2020-10-29', 0),
(704, '5173310', '2020-10-29', 0),
(705, '5173365', '2020-10-29', 0),
(706, '5173640', '2020-10-29', 0),
(707, '5177048', '2020-10-29', 0),
(708, '6900009', '2020-10-29', 0),
(709, '6900010', '2020-10-29', 0),
(710, '6900011', '2020-10-29', 0),
(711, '6900012', '2020-10-29', 0),
(712, '6900013', '2020-10-29', 0),
(713, '6900014', '2020-10-29', 0),
(714, '6900015', '2020-10-29', 0),
(715, '6900016', '2020-10-29', 0),
(716, '6900017', '2020-10-29', 0),
(717, '6900018', '2020-10-29', 0),
(718, 'TR-572', '2020-10-29', 0),
(719, 'TR-573', '2020-10-29', 0),
(720, 'TR-412', '2020-10-29', 0),
(721, 'TR-413', '2020-10-29', 0),
(722, 'TR-414', '2020-10-29', 0),
(723, 'TR-415', '2020-10-29', 0),
(724, 'TR-418', '2020-10-29', 0),
(725, '90MS', '2020-10-29', 0),
(726, 'TR-618A', '2020-10-29', 0),
(727, 'TR-218-A', '2020-10-29', 0),
(728, '14212', '2020-10-29', 0),
(729, '20060', '2020-10-29', 0),
(730, '14502', '2020-10-29', 0),
(731, '20-0631', '2020-10-29', 0),
(732, '1144', '2020-10-29', 0),
(733, '5624279', '2020-10-29', 0),
(734, '502015', '2020-10-29', 0),
(735, '502016', '2020-10-29', 0),
(736, '20125', '2020-10-29', 0),
(737, 'MCBAL', '2020-10-29', 0),
(738, '502014', '2020-10-29', 0),
(739, '10103', '2020-10-29', 0),
(740, '55520', '2020-10-29', 0),
(741, '10-1005', '2020-10-29', 0),
(742, '10-1010', '2020-10-29', 0),
(743, '10-1015', '2020-10-29', 0),
(744, '10-1020', '2020-10-29', 0),
(745, '10-1025', '2020-10-29', 0),
(746, '10-1030', '2020-10-29', 0),
(747, '10-1035', '2020-10-29', 0),
(748, '10-1040', '2020-10-29', 0),
(749, '10-1045', '2020-10-29', 0),
(750, '10-1050', '2020-10-29', 0),
(751, '10-1055', '2020-10-29', 0),
(752, '10-1060', '2020-10-29', 0),
(753, '10-1070', '2020-10-29', 0),
(754, '10-1080', '2020-10-29', 0),
(755, '10-2005A', '2020-10-29', 0),
(756, '10-2010A', '2020-10-29', 0),
(757, '10-2015A', '2020-10-29', 0),
(758, '10-2020A', '2020-10-29', 0),
(759, '10-2025A', '2020-10-29', 0),
(760, '10-2030A', '2020-10-29', 0),
(761, '10-2035A', '2020-10-29', 0),
(762, '10-2040A', '2020-10-29', 0),
(763, '10-2045A', '2020-10-29', 0),
(764, '10-2050A', '2020-10-29', 0),
(765, '100100040', '2020-10-29', 0),
(766, '100100042', '2020-10-29', 0),
(767, 'TA-02/1', '2020-10-29', 0),
(768, '10-6006', '2020-10-29', 0),
(769, '10-6005', '2020-10-29', 0),
(770, '100100033', '2020-10-29', 0),
(771, '10-40050', '2020-10-29', 0),
(772, '10-40100', '2020-10-29', 0),
(773, '10-40150', '2020-10-29', 0),
(774, '10-40200', '2020-10-29', 0),
(775, '10-30050', '2020-10-29', 0),
(776, '10-30075', '2020-10-29', 0),
(777, '10-30100', '2020-10-29', 0),
(778, '10-30150', '2020-10-29', 0),
(779, '10-30200', '2020-10-29', 0),
(780, '10-30250', '2020-10-29', 0),
(781, '10-30300', '2020-10-29', 0),
(782, '100100031', '2020-10-29', 0),
(783, '100100039', '2020-10-29', 0),
(784, '10-6003', '2020-10-29', 0),
(785, 'ACEITE', '2020-10-28', 1000);

-- --------------------------------------------------------

--
-- Estructura de tabla para la tabla `producto`
--

CREATE TABLE `producto` (
  `codigo` varchar(15) NOT NULL,
  `nombre` varchar(50) NOT NULL,
  `descripcion` text NOT NULL,
  `categoria` tinyint(4) NOT NULL,
  `stock` smallint(6) NOT NULL,
  `stockCritico` tinyint(4) NOT NULL,
  `tasaCambio` decimal(10,2) NOT NULL,
  `precioVenta` mediumint(9) NOT NULL,
  `activo` tinyint(1) NOT NULL
) ENGINE=InnoDB DEFAULT CHARSET=utf8mb4;

--
-- Volcado de datos para la tabla `producto`
--

INSERT INTO `producto` (`codigo`, `nombre`, `descripcion`, `categoria`, `stock`, `stockCritico`, `tasaCambio`, `precioVenta`, `activo`) VALUES
('0220036-8', 'REPARO VALVULA RETENCIÓN 3/4 MSV 15/ MSV 20 APSA', 'REPARO VALVULA RETENCIÓN 3/4 MSV 15/ MSV 20 APSA', 12, 0, 0, '10.00', 18660, 1),
('10-1005', '5   GR. Universal de plomo 100 pcs', '5   GR. Universal de plomo 100 pcs', 13, 0, 0, '10.00', 3800, 1),
('10-1010', '10 GR. Universal de plomo 100pcs', '10 GR. Universal de plomo 100pcs', 14, 0, 0, '10.00', 7020, 1),
('10-1015', '15 GR. Universal de plomo 100 pcs', '15 GR. Universal de plomo 100 pcs', 14, 0, 0, '10.00', 10530, 1),
('10-1020', '20 GR. Universal de plomo 100 pcs', '20 GR. Universal de plomo 100 pcs', 14, 0, 0, '10.00', 12525, 1),
('10-1025', '25 GR. Universal de plomo 100 pcs', '25 GR. Universal de plomo 100 pcs', 14, 0, 0, '10.00', 15041, 1),
('10-1030', '30 GR. Universal de plomo 100 pcs', '30 GR. Universal de plomo 100 pcs', 14, 0, 0, '10.00', 17622, 1),
('10-1035', '35 GR. Universal de plomo 50 pcs', '35 GR. Universal de plomo 50 pcs', 14, 0, 0, '10.00', 13018, 1),
('10-1040', '40 GR. Universal de plomo 50 pcs', '40 GR. Universal de plomo 50 pcs', 14, 0, 0, '10.00', 14041, 1),
('10-1045', '45 GR. Universal de plomo 50 pcs', '45 GR. Universal de plomo 50 pcs', 14, 0, 0, '10.00', 14321, 1),
('10-1050', '50 GR. Universal de plomo 50 pcs', '50 GR. Universal de plomo 50 pcs', 14, 0, 0, '10.00', 15041, 1),
('10-1055', '55 GR. Universal de plomo 50 pcs', '55 GR. Universal de plomo 50 pcs', 14, 0, 0, '10.00', 16554, 1),
('10-1060', '60 GR. Universal de plomo ', '60 GR. Universal de plomo ', 14, 0, 0, '10.00', 13650, 1),
('10-1070', '70 GR. Universal de plomo ', '70 GR. Universal de plomo ', 14, 0, 0, '10.00', 17000, 1),
('10-1080', '80 GR. Universal de plomo ', '80 GR. Universal de plomo ', 14, 0, 0, '10.00', 18700, 1),
('10-2005A', ' 5  GR. Aleacion de plomo 100 pcs', ' 5  GR. Aleacion de plomo 100 pcs', 1, 0, 0, '10.00', 5500, 1),
('10-2010A', '10 GR. Aleacion de plomo 100 pcs', '10 GR. Aleacion de plomo 100 pcs', 1, 0, 0, '10.00', 9200, 1),
('10-2015A', '15 GR. Aleacion de plomo 100 pcs', '15 GR. Aleacion de plomo 100 pcs', 1, 0, 0, '10.00', 13000, 1),
('10-2020A', '20 GR. Aleacion de plomo 100 pcs', '20 GR. Aleacion de plomo 100 pcs', 1, 0, 0, '10.00', 15100, 1),
('10-2025A', '25 GR. Aleacion de plomo 100 pcs', '25 GR. Aleacion de plomo 100 pcs', 1, 0, 0, '10.00', 17550, 1),
('10-2030A', '30 GR. Aleacion de plomo  100 pcs', '30 GR. Aleacion de plomo  100 pcs', 1, 0, 0, '10.00', 18900, 1),
('10-2035A', '35 GR. Aleacion de plomo 50 pcs', '35 GR. Aleacion de plomo 50 pcs', 1, 0, 0, '10.00', 12291, 1),
('10-2040A', '40 GR. Aleacion de plomo 50 pcs', '40 GR. Aleacion de plomo 50 pcs', 1, 0, 0, '10.00', 14048, 1),
('10-2045A', '45 GR. Aleacion de plomo 50 pcs', '45 GR. Aleacion de plomo 50 pcs', 1, 0, 0, '10.00', 13785, 1),
('10-2050A', '50 GR. Aleacion de plomo 50 pcs', '50 GR. Aleacion de plomo 50 pcs', 1, 0, 0, '10.00', 15908, 1),
('10-30050', 'Contrapesos para camion 50 GRS', 'Contrapesos para camion 50 GRS', 13, 0, 0, '10.00', 24000, 1),
('10-30075', 'Contrapesos para camion 75 GRS', 'Contrapesos para camion 75 GRS', 13, 0, 0, '10.00', 28750, 1),
('10-30100', 'Contrapesos para camion 100 GRS', 'Contrapesos para camion 100 GRS', 13, 0, 0, '10.00', 30700, 1),
('10-30150', 'Contrapesos para camion 150 GRS', 'Contrapesos para camion 150 GRS', 13, 0, 0, '10.00', 23875, 1),
('10-30200', 'Contrapesos para camion 200 GRS', 'Contrapesos para camion 200 GRS', 13, 0, 0, '10.00', 31800, 1),
('10-30250', 'Contrapesos para camion 250 GRS', 'Contrapesos para camion 250 GRS', 13, 0, 0, '10.00', 39675, 1),
('10-30300', 'Contrapesos para camion 300 GRS', 'Contrapesos para camion 300 GRS', 13, 0, 0, '10.00', 48000, 1),
('10-40050', 'Contrapeso BT 50', 'Contrapeso BT 50', 13, 0, 0, '10.00', 19000, 1),
('10-40100', 'Contrapeso BT 100', 'Contrapeso BT 100', 13, 0, 0, '10.00', 33600, 1),
('10-40150', 'Contrapeso BT 150', 'Contrapeso BT 150', 13, 0, 0, '10.00', 25200, 1),
('10-40200', 'Contrapeso BT 200', 'Contrapeso BT 200', 13, 0, 0, '10.00', 33600, 1),
('10-6003', 'Tira Contrapesos Adh Camiones 200 Gr 10x20 PB', 'Tira Contrapesos Adh Camiones 200 Gr 10x20 PB', 13, 0, 0, '10.00', 35600, 1),
('10-6005', 'Tira Contrapesos Adh Aut/Cam 180 Gr 18x10 FE', 'Tira Contrapesos Adh Aut/Cam 180 Gr 18x10 FE', 13, 0, 0, '10.00', 35600, 1),
('10-6006', 'Adhesivo Auto Tira de 60 grs. Color Negro', 'Adhesivo Auto Tira de 60 grs. Color Negro', 14, 0, 0, '10.00', 56500, 1),
('100100031', 'Contrapesos para camion 350 GRS', 'Contrapesos para camion 350 GRS', 13, 0, 0, '10.00', 51800, 1),
('100100033', 'Adhesivo Camioneta 120 grs.', 'Adhesivo Camioneta 120 grs.', 14, 0, 0, '10.00', 55000, 1),
('100100039', 'Adhesivo Camión 200 grs. (50gr. x 4)', 'Adhesivo Camión 200 grs. (50gr. x 4)', 14, 0, 0, '10.00', 36600, 1),
('100100040', '55 GR. Aleacion de plomo 50 pcs', '55 GR. Aleacion de plomo 50 pcs', 1, 0, 0, '10.00', 19588, 1),
('100100042', '60 GR. Aleacion de plomo 50 pcs', '60 GR. Aleacion de plomo 50 pcs', 1, 0, 0, '10.00', 20500, 1),
('100991', 'ACEITE NUTO 46 19 LTS', 'ACEITE NUTO 46 19 LTS', 14, 0, 0, '10.00', 48960, 1),
('100992', 'ACEITE NUTO 32 19 LTS', 'ACEITE NUTO 32 19 LTS', 14, 0, 0, '10.00', 48960, 1),
('10103', 'Crayones', 'Crayones', 14, 0, 0, '10.00', 980, 1),
('104090105', 'RESERVORIO PLASTICA ELEVADOR 2 COLUMNAS LAUNCH', 'RESERVORIO PLASTICA ELEVADOR 2 COLUMNAS LAUNCH', 11, 0, 0, '10.00', 15508, 1),
('1144', 'Soporte Doble', 'Soporte Doble', 2, 0, 0, '10.00', 600, 1),
('14212', 'Levanta Válvulas', 'Levanta Válvulas', 12, 0, 0, '10.00', 7200, 1),
('14260', 'INFLADOR DE NEUMATICOS LARGO  26 CM', 'INFLADOR DE NEUMATICOS LARGO  26 CM', 2, 0, 0, '10.00', 21980, 1),
('14501', 'SACA PEPA LARGO', 'SACA PEPA LARGO', 2, 0, 0, '10.00', 3590, 1),
('14502', 'Sacapepa Doble', 'Sacapepa Doble', 14, 0, 0, '10.00', 890, 1),
('20-0631', 'Tapa Plástica Negra bolsa de 100 un', 'Tapa Plástica Negra bolsa de 100 un', 2, 0, 0, '10.00', 4500, 1),
('20060', 'Pepa Corta', 'Pepa Corta', 2, 0, 0, '10.00', 60, 1),
('20125', 'Cachimba Larga Doble PCL', 'Cachimba Larga Doble PCL', 2, 0, 0, '10.00', 0, 1),
('24711', 'Conector Acople Rapido Hembra 1/2 ANI', 'Conector Acople Rapido Hembra 1/2 ANI', 7, 0, 0, '10.00', 9980, 1),
('24712', 'Conector Acople Rapido Hembra 1/4 ANI', 'Conector Acople Rapido Hembra 1/4 ANI', 7, 0, 0, '10.00', 9280, 1),
('313578', 'FILTRO REGULADOR LUBRICADOR 3/4', 'FILTRO REGULADOR LUBRICADOR 3/4', 15, 0, 0, '10.00', 125345, 1),
('37-0004', 'KIT SELLOS RETENES', 'KIT SELLOS RETENES', 2, 0, 0, '10.00', 58980, 1),
('4301010', 'Copa  Tungsteno  G-16 , 102 mm. x 38  mm.  ( NS-01', 'Copa  Tungsteno  G-16 , 102 mm. x 38  mm.  ( NS-010 )', 2, 0, 0, '10.00', 46609, 1),
('4301011', 'Copa  Tungsteno  G-36 , 102 mm. x 38  mm.  ( NS-01', 'Copa  Tungsteno  G-36 , 102 mm. x 38  mm.  ( NS-010 )', 2, 0, 0, '10.00', 48556, 1),
('4302007', 'Copa  Tungsteno  G-16 ,  50 mm.  x  25  mm.  ( NS-', 'Copa  Tungsteno  G-16 ,  50 mm.  x  25  mm.  ( NS-007 )', 2, 0, 0, '10.00', 23929, 1),
('4302009', 'Copa  Tungsteno  G-16 ,  76 mm.  x  32  mm.  ( NS-', 'Copa  Tungsteno  G-16 ,  76 mm.  x  32  mm.  ( NS-009 )', 2, 0, 0, '10.00', 39858, 1),
('4302020', 'Copa  Tungsteno  Plana  G-16, 102 mm. x  38  mm. (', 'Copa  Tungsteno  Plana  G-16, 102 mm. x  38  mm. ( NS-020 )', 2, 0, 0, '10.00', 51125, 1),
('4302107', 'Copa  Tungsteno  G-36 ,  50 mm.  x  25  mm.  ( NS-', 'Copa  Tungsteno  G-36 ,  50 mm.  x  25  mm.  ( NS-007 )', 2, 0, 0, '10.00', 22299, 1),
('4302109', 'Copa  Tungsteno  G-36 ,  76 mm.  x  32  mm.  ( NS-', 'Copa  Tungsteno  G-36 ,  76 mm.  x  32  mm.  ( NS-009 )', 2, 0, 0, '10.00', 37565, 1),
('4303012', 'Disco Tugnsteno  G-16,   50 mm. x   5  mm.     ( N', 'Disco Tugnsteno  G-16,   50 mm. x   5  mm.     ( NS-012 )', 2, 0, 0, '10.00', 17284, 1),
('4303014', 'Disco Tungsteno  G-16,   50 mm. x 10  mm.     ( NS', 'Disco Tungsteno  G-16,   50 mm. x 10  mm.     ( NS-014 )', 2, 0, 0, '10.00', 18241, 1),
('4303015', 'Disco Tungsteno  G-16,   50 mm. x 13  mm.     ( NS', 'Disco Tungsteno  G-16,   50 mm. x 13  mm.     ( NS-015 )', 2, 0, 0, '10.00', 21889, 1),
('4305515', 'Lápiz esmeril     A - 15', 'Lápiz esmeril     A - 15', 2, 0, 0, '10.00', 1499, 1),
('4305536', 'Disco esmeril    A - 36', 'Disco esmeril    A - 36', 2, 0, 0, '10.00', 1632, 1),
('4305537', 'Disco esmeril    A - 37', 'Disco esmeril    A - 37', 2, 0, 0, '10.00', 1586, 1),
('46109', 'FILTRO REGULADOR LUBRICADOR DE 1/4  16 BAR', 'FILTRO REGULADOR LUBRICADOR DE 1/4  16 BAR', 15, 0, 0, '10.00', 35980, 1),
('46114', 'FILTRO REGULADOR DE 1/4  16 BAR', 'FILTRO REGULADOR DE 1/4  16 BAR', 15, 0, 0, '10.00', 21800, 1),
('5000029', 'Parche Cámara F1    Redondo  25 mm.,Caja 100 un.', 'Parche Cámara F1    Redondo  25 mm.,Caja 100 un.', 9, 0, 0, '10.00', 8133, 1),
('5000036', 'Parche Cámara N° 0 Redondo  30 mm.,Caja 100 un.', 'Parche Cámara N° 0 Redondo  30 mm.,Caja 100 un.', 9, 0, 0, '10.00', 13952, 1),
('5000043', 'Parche Cámara N° 1 Redondo  37 mm.,Caja 30 un.', 'Parche Cámara N° 1 Redondo  37 mm.,Caja 30 un.', 9, 0, 0, '10.00', 2663, 1),
('5000050', 'Parche Cámara N° 2 Redondo  45 mm.,Caja 30 un.', 'Parche Cámara N° 2 Redondo  45 mm.,Caja 30 un.', 9, 0, 0, '10.00', 4512, 1),
('5000067', 'Parche Cámara N° 3 Redondo  54 mm.,Caja 30 un.', 'Parche Cámara N° 3 Redondo  54 mm.,Caja 30 un.', 9, 0, 0, '10.00', 6298, 1),
('5000081', 'Parche Cámara N° 4 Redondo  75 mm.,Caja 30 un.', 'Parche Cámara N° 4 Redondo  75 mm.,Caja 30 un.', 9, 0, 0, '10.00', 11163, 1),
('5000108', 'Parche Cámara N° 5 Redondo  94 mm.,Caja 10 un.', 'Parche Cámara N° 5 Redondo  94 mm.,Caja 10 un.', 9, 0, 0, '10.00', 7433, 1),
('5000122', 'Parche Cámara N° 6 Redondo 116 mm.,Caja 10 un.', 'Parche Cámara N° 6 Redondo 116 mm.,Caja 10 un.', 9, 0, 0, '10.00', 10178, 1),
('5000201', 'Parche Cámara N°7   Ovalado    74 x 37 mm - Caja 3', 'Parche Cámara N°7   Ovalado    74 x 37 mm - Caja 30 un.', 9, 0, 0, '10.00', 11416, 1),
('5000263', 'Parche Cámara N°7B Ovalado  150 x 75 mm - Caja 10 ', 'Parche Cámara N°7B Ovalado  150 x 75 mm - Caja 10 un.', 9, 0, 0, '10.00', 14537, 1),
('5003049', 'Parche Cámara N° 1 GP, Diametro 35 MM, Caja 50 Un.', 'Parche Cámara N° 1 GP, Diametro 35 MM, Caja 50 Un.', 9, 0, 0, '10.00', 2788, 1),
('5003051', 'Parche Cácamara N° 2 GP, Diametro 45 MM, caja 50 U', 'Parche Cácamara N° 2 GP, Diametro 45 MM, caja 50 Un.', 9, 0, 0, '10.00', 3083, 1),
('5003063', 'Parche Cámara N° 3 GP, Diametro 54 MM, Caja 30 Un.', 'Parche Cámara N° 3 GP, Diametro 54 MM, Caja 30 Un.', 9, 0, 0, '10.00', 2843, 1),
('502014', 'Profundimetro tipo lapiz Plastico', 'Profundimetro tipo lapiz Plastico', 2, 0, 0, '10.00', 1100, 1),
('502015', 'Cachimba de aire tipo perro de 1/4 cerrada', 'Cachimba de aire tipo perro de 1/4 cerrada', 2, 0, 0, '10.00', 3400, 1),
('502016', 'Cachimba de aire tipo perro de 1/2 cerrada', 'Cachimba de aire tipo perro de 1/2 cerrada', 2, 0, 0, '10.00', 3400, 1),
('50420', 'ENCHUFE MACHO VOLANTE 2P+T 10A', 'ENCHUFE MACHO VOLANTE 2P+T 10A', 7, 0, 0, '10.00', 1900, 1),
('5050196', 'Líquido vulcanizante  Lata  175 Grs.', 'Líquido vulcanizante  Lata  175 Grs.', 10, 0, 0, '10.00', 5800, 1),
('5059056', 'Líquido Vulcanizante 10 Grs.  Pomo', 'Líquido Vulcanizante 10 Grs.  Pomo', 10, 0, 0, '10.00', 663, 1),
('5059128', 'Líquido Vulcanizante 25 Grs.  Pomo', 'Líquido Vulcanizante 25 Grs.  Pomo', 10, 0, 0, '10.00', 1625, 1),
('5059142', 'Líquido Vulcanizante 50 Grs.  Pomo', 'Líquido Vulcanizante 50 Grs.  Pomo', 10, 0, 0, '10.00', 2890, 1),
('5059692', 'Líquido Buffer 500 ML', 'Líquido Buffer 500 ML', 10, 0, 0, '10.00', 7151, 1),
('5060351', 'Surtido Reparación & Air  Moto  Tubular', 'Surtido Reparación & Air  Moto  Tubular', 2, 0, 0, '10.00', 18985, 1),
('5060375', 'Surtido Reparación & Air  Moto  Cámara', 'Surtido Reparación & Air  Moto  Cámara', 2, 0, 0, '10.00', 15449, 1),
('5060454', 'Surtido  de cartuchos  para   inflado CO2 ', 'Surtido  de cartuchos  para   inflado CO2 ', 2, 0, 0, '10.00', 13746, 1),
('5101155', 'Surtido Reparación Sealastic EM/Camión', 'Surtido Reparación Sealastic EM/Camión', 2, 0, 0, '10.00', 35215, 1),
('5102161', 'Reparación  Camión/ OTR   TT- 612', 'Reparación  Camión/ OTR   TT- 612', 2, 0, 0, '10.00', 22270, 1),
('5102202', 'Lezna con Mango Rebatible', 'Lezna con Mango Rebatible', 2, 0, 0, '10.00', 18395, 1),
('5102233', 'Lezna Introductora EM', 'Lezna Introductora EM', 2, 0, 0, '10.00', 10793, 1),
('5103108', 'Surtido Reparación   TT- 660, ( Envase 50 unidades', 'Surtido Reparación   TT- 660, ( Envase 50 unidades )', 2, 0, 0, '10.00', 21853, 1),
('510804', 'ESPIGA DE 1/2 X 1/4', 'ESPIGA DE 1/2 X 1/4', 2, 0, 0, '10.00', 1590, 1),
('510808', 'Espiga de 1/2', 'Espiga de 1/2', 2, 0, 0, '10.00', 3580, 1),
('5111964', 'Minicombi  A -  3      Caja de 50 Unidades', 'Minicombi  A -  3      Caja de 50 Unidades', 2, 0, 0, '10.00', 61668, 1),
('5113058', 'Minicombi  A -  6      Caja de 40 Unidades', 'Minicombi  A -  6      Caja de 40 Unidades', 2, 0, 0, '10.00', 51847, 1),
('5113106', 'Minicombi  B -  8      Caja de  20 Unidades', 'Minicombi  B -  8      Caja de  20 Unidades', 2, 0, 0, '10.00', 36960, 1),
('5120110', 'PARCHE DIAGONAL  EASY PN 01 60 MM, Balde 60 Un.', 'PARCHE DIAGONAL  EASY PN 01 60 MM, Balde 60 Un.', 9, 0, 0, '10.00', 13740, 1),
('5120120', 'PARCHE DIAGONAL  EASY PN 02 83 MM, balde 30 Un.', 'PARCHE DIAGONAL  EASY PN 02 83 MM, balde 30 Un.', 9, 0, 0, '10.00', 8570, 1),
('5120130', 'PARCHE DIAGONAL  EASY PN 03  95 X 95  MM, Caja 10 ', 'PARCHE DIAGONAL  EASY PN 03  95 X 95  MM, Caja 10 Un.', 9, 0, 0, '10.00', 10271, 1),
('5120140', 'PARCHE DIAGONAL  EASY PN 04 125 X 125 MM, Caja 10 ', 'PARCHE DIAGONAL  EASY PN 04 125 X 125 MM, Caja 10 Un.', 9, 0, 0, '10.00', 14309, 1),
('5120150', 'PARCHE DIAGONAL  EASY PN 05 161 X 161 MM, Caja 10 ', 'PARCHE DIAGONAL  EASY PN 05 161 X 161 MM, Caja 10 Un.', 9, 0, 0, '10.00', 20293, 1),
('5120160', 'PARCHE DIAGONAL  EASY PN 06 245 X 245 MM, Caja 10 ', 'PARCHE DIAGONAL  EASY PN 06 245 X 245 MM, Caja 10 Un.', 9, 0, 0, '10.00', 39768, 1),
('5120210', 'PARCHE RADIAL  EASY-10         60 X 83,  Caja 20 U', 'PARCHE RADIAL  EASY-10         60 X 83,  Caja 20 Un.', 9, 0, 0, '10.00', 12498, 1),
('5120212', 'PARCHE RADIAL  EASY-12         75 X 120, Caja 10 U', 'PARCHE RADIAL  EASY-12         75 X 120, Caja 10 Un.', 9, 0, 0, '10.00', 11008, 1),
('5120214', 'PARCHE RADIAL  EASY-14         90 X 130, caja 10 U', 'PARCHE RADIAL  EASY-14         90 X 130, caja 10 Un.', 9, 0, 0, '10.00', 12951, 1),
('5120220', 'PARCHE RADIAL  EASY-20         80 X 125, Caja 10 U', 'PARCHE RADIAL  EASY-20         80 X 125, Caja 10 Un.', 9, 0, 0, '10.00', 13480, 1),
('5120230', 'PARCHE RADIAL  EASY-22         80 X 180, caja 10 U', 'PARCHE RADIAL  EASY-22         80 X 180, caja 10 Un.', 9, 0, 0, '10.00', 14529, 1),
('5120240', 'PARCHE RADIAL  EASY-24         80 X 220, Caja 10 U', 'PARCHE RADIAL  EASY-24         80 X 220, Caja 10 Un.', 9, 0, 0, '10.00', 18144, 1),
('5120260', 'PARCHE RADIAL  EASY-40      110 X 220, Caja 10 Un.', 'PARCHE RADIAL  EASY-40      110 X 220, Caja 10 Un.', 9, 0, 0, '10.00', 26055, 1),
('5120270', 'PARCHE RADIAL  EASY-42      140 X 270, Caja 05 Un.', 'PARCHE RADIAL  EASY-42      140 X 270, Caja 05 Un.', 9, 0, 0, '10.00', 22207, 1),
('5120280', 'PARCHE RADIAL  EASY-44      140 X 335, caja 05 Un.', 'PARCHE RADIAL  EASY-44      140 X 335, caja 05 Un.', 9, 0, 0, '10.00', 26739, 1),
('5121105', 'Parche Radial  110,Dimensión  55 x  75, Env. 20 Un', 'Parche Radial  110,Dimensión  55 x  75, Env. 20 Un.  ( E-10)', 9, 0, 0, '10.00', 9544, 1),
('5121201', 'Parche Radial 120,Dimensión  80 x 125, Env. 10 Un.', 'Parche Radial 120,Dimensión  80 x 125, Env. 10 Un.  ( E-20 )', 9, 0, 0, '10.00', 13676, 1),
('5121227', 'Parche Radial 122,Dimensión  75 x 175, Env. 10 Un.', 'Parche Radial 122,Dimensión  75 x 175, Env. 10 Un.  ( E-22 )', 9, 0, 0, '10.00', 20291, 1),
('5121244', 'Parche Radial 124,Dimensión  75 x 220, Env. 10 Un.', 'Parche Radial 124,Dimensión  75 x 220, Env. 10 Un.  ( E-24)', 9, 0, 0, '10.00', 25925, 1),
('5121410', 'Parche Radial 140,Dimensión 115 x 220, Env. 10 Un.', 'Parche Radial 140,Dimensión 115 x 220, Env. 10 Un. ( E-40 )', 9, 0, 0, '10.00', 29258, 1),
('5121429', 'Parche Radial 142,Dimensión 130 x 260, Env. 10 Un.', 'Parche Radial 142,Dimensión 130 x 260, Env. 10 Un. ( E-42 )', 9, 0, 0, '10.00', 52496, 1),
('5121447', 'Parche Radial 144,Dimensión 130 x 335, Env. 10 Un.', 'Parche Radial 144,Dimensión 130 x 335, Env. 10 Un. ( E-44 )', 9, 0, 0, '10.00', 67362, 1),
('5121465', 'Parche Radial 146 TL , Dimensión   180 x 440 mm.', 'Parche Radial 146 TL , Dimensión   180 x 440 mm.', 9, 0, 0, '10.00', 21549, 1),
('5121506', 'Parche Radial 150 TL , Dimensión   180 x 580 mm.', 'Parche Radial 150 TL , Dimensión   180 x 580 mm.', 9, 0, 0, '10.00', 30173, 1),
('5121520', 'Parche Radial 152 TL , Dimensión   240 x 580 mm.', 'Parche Radial 152 TL , Dimensión   240 x 580 mm.', 9, 0, 0, '10.00', 40287, 1),
('5121551', 'Parche Radial 155 TL , Dimensión   260 x 330 mm.', 'Parche Radial 155 TL , Dimensión   260 x 330 mm.', 9, 0, 0, '10.00', 28284, 1),
('5121568', 'Parche Radial 156 TL , Dimensión   270 x   720 mm.', 'Parche Radial 156 TL , Dimensión   270 x   720 mm.', 9, 0, 0, '10.00', 72673, 1),
('5121609', 'Parche Radial 160 TL , Dimensión   270 x   860 mm.', 'Parche Radial 160 TL , Dimensión   270 x   860 mm.', 9, 0, 0, '10.00', 79259, 1),
('5121623', 'Parche Radial 162 TL , Dimensión   325 x 1030 mm.', 'Parche Radial 162 TL , Dimensión   325 x 1030 mm.', 9, 0, 0, '10.00', 136675, 1),
('5121654', 'Parche Radial 165 TL , Dimensión   330 x 420 mm.', 'Parche Radial 165 TL , Dimensión   330 x 420 mm.', 9, 0, 0, '10.00', 52355, 1),
('5121685', 'Parche Radial 168 TL , Dimensión   350 x 760 mm.', 'Parche Radial 168 TL , Dimensión   350 x 760 mm.', 9, 0, 0, '10.00', 94537, 1),
('5121757', 'Parche Radial 175 TL , Dimensión   450 x 530 mm.', 'Parche Radial 175 TL , Dimensión   450 x 530 mm.', 9, 0, 0, '10.00', 105030, 1),
('5121805', 'Parche Radial 180 TL , Dimensión   150 x 190 mm.', 'Parche Radial 180 TL , Dimensión   150 x 190 mm.', 9, 0, 0, '10.00', 9493, 1),
('5121829', 'Parche Radial 182 TL , Dimensión   185 x 240 mm.', 'Parche Radial 182 TL , Dimensión   185 x 240 mm.', 9, 0, 0, '10.00', 11791, 1),
('5121843', 'Parche Radial 184 TL , Dimensión   215 x 295 mm.', 'Parche Radial 184 TL , Dimensión   215 x 295 mm.', 9, 0, 0, '10.00', 17427, 1),
('5121852', 'Parche Radial 185 TL , Dimensión   530 x 730 mm.', 'Parche Radial 185 TL , Dimensión   530 x 730 mm.', 9, 0, 0, '10.00', 189668, 1),
('5121867', 'Parche Radial 186 TL , Dimensión   245 x 340 mm.', 'Parche Radial 186 TL , Dimensión   245 x 340 mm.', 9, 0, 0, '10.00', 22022, 1),
('5122017', 'Parche PN EM 050 + ,  Dimensión  240 mm.,6 telas', 'Parche PN EM 050 + ,  Dimensión  240 mm.,6 telas', 9, 0, 0, '10.00', 21313, 1),
('5122024', 'Parche PN EM 052     , Dimensión  360 mm.,6 telas', 'Parche PN EM 052     , Dimensión  360 mm.,6 telas', 9, 0, 0, '10.00', 37781, 1),
('5122031', 'Parche PN EM 052 + ,  Dimensión  360 mm., 8 telas', 'Parche PN EM 052 + ,  Dimensión  360 mm., 8 telas', 9, 0, 0, '10.00', 51641, 1),
('5122048', 'Parche PN EM 054     , Dimensión  480 mm.,8 telas', 'Parche PN EM 054     , Dimensión  480 mm.,8 telas', 9, 0, 0, '10.00', 88581, 1),
('5122055', 'Parche PN EM 054 + ,  Dimensión  480 mm.,10 telas', 'Parche PN EM 054 + ,  Dimensión  480 mm.,10 telas', 9, 0, 0, '10.00', 120726, 1),
('5122062', 'Parche PN EM 056     , Dimensión  660 mm.,10 telas', 'Parche PN EM 056     , Dimensión  660 mm.,10 telas', 9, 0, 0, '10.00', 160038, 1),
('5123023', 'Parche Universal UP-3, (27 mm x 27 mm), Balde 500 ', 'Parche Universal UP-3, (27 mm x 27 mm), Balde 500 Und.', 9, 0, 0, '10.00', 56913, 1),
('5123061', 'Parche Universal UP-6, (43 mm x  43 mm), Balde 300', 'Parche Universal UP-6, (43 mm x  43 mm), Balde 300 Und.', 9, 0, 0, '10.00', 73674, 1),
('5123085', 'Parche Universal UP-8, (55 mm x  55 mm), Balde 200', 'Parche Universal UP-8, (55 mm x  55 mm), Balde 200 Und.', 9, 0, 0, '10.00', 63096, 1),
('5125020', 'Parche Universal  UP 3  27 mm x 27 mm , Caja    10', 'Parche Universal  UP 3  27 mm x 27 mm , Caja    100 Unidades', 9, 0, 0, '10.00', 18427, 1),
('5125060', 'Parche Universal  UP 6  43 mm x 43 mm , Caja    50', 'Parche Universal  UP 6  43 mm x 43 mm , Caja    50 Unidades', 9, 0, 0, '10.00', 16848, 1),
('5125080', 'Parche Universal  UP 8  55 mm x 55 mm , Caja    50', 'Parche Universal  UP 8  55 mm x 55 mm , Caja    50 Unidades', 9, 0, 0, '10.00', 22113, 1),
('5126034', 'Parche Diagonal  PN 03 Dimensión 100 mm.  Env 10 U', 'Parche Diagonal  PN 03 Dimensión 100 mm.  Env 10 Un. (E-7)', 9, 0, 0, '10.00', 9854, 1),
('5126049', 'Parche Diagonal  PN 04 Dimensión 120 mm.  Env 10 U', 'Parche Diagonal  PN 04 Dimensión 120 mm.  Env 10 Un. (E-9)', 9, 0, 0, '10.00', 13866, 1),
('5126057', 'Parche Diagonal  PN 05 Dimensión 160 mm.  Env 10 U', 'Parche Diagonal  PN 05 Dimensión 160 mm.  Env 10 Un. (E-11)', 9, 0, 0, '10.00', 26524, 1),
('5126064', 'Parche Diagonal  PN 06 Dimensión 240 mm.  Env 10 U', 'Parche Diagonal  PN 06 Dimensión 240 mm.  Env 10 Un. (E-13)', 9, 0, 0, '10.00', 54944, 1),
('5126074', 'Parche Diagonal  PN 07 Dimensión 295 mm.  Env 10 U', 'Parche Diagonal  PN 07 Dimensión 295 mm.  Env 10 Un. (E-15)', 9, 0, 0, '10.00', 105963, 1),
('5126082', 'Parche Diagonal  PN 08 Dimensión 345 mm.  Env  5 U', 'Parche Diagonal  PN 08 Dimensión 345 mm.  Env  5 Un. (E-17)', 9, 0, 0, '10.00', 96275, 1),
('5126099', 'Parche Diagonal  PN 09 Dimensión 390 mm.  Env  5 U', 'Parche Diagonal  PN 09 Dimensión 390 mm.  Env  5 Un. (E-19)', 9, 0, 0, '10.00', 125970, 1),
('5126109', 'Parche Diagonal  PN 10 Dimensión 450 mm.  Env  3 U', 'Parche Diagonal  PN 10 Dimensión 450 mm.  Env  3 Un. (E-21)', 9, 0, 0, '10.00', 104395, 1),
('5159004', 'Sellador Innerliner Sealer,  CFC-FR. 650G.', 'Sellador Innerliner Sealer,  CFC-FR. 650G.', 2, 0, 0, '10.00', 18818, 1),
('5159366', 'Cemento Azul BL 200  Grs.   FREE  CFC  Tarro.', 'Cemento Azul BL 200  Grs.   FREE  CFC  Tarro.', 2, 0, 0, '10.00', 7126, 1),
('5159389', 'Cemento Azul BL  650 grs.    FREE  CFC  Tarro.', 'Cemento Azul BL  650 grs.    FREE  CFC  Tarro.', 2, 0, 0, '10.00', 17104, 1),
('5160980', 'Goma MTR-CR  en cordón , Envase 12 Kg. Super Finis', 'Goma MTR-CR  en cordón , Envase 12 Kg. Super Finish', 2, 0, 0, '10.00', 182722, 1),
('5161009', 'Goma  MTR , envase de  5 Kg.  espesor  1 mm.. ( Co', 'Goma  MTR , envase de  5 Kg.  espesor  1 mm.. ( Cojin )', 2, 0, 0, '10.00', 112765, 1),
('5161180', 'Goma MTR-CR  en cordón , Envase 12 Kg.', 'Goma MTR-CR  en cordón , Envase 12 Kg.', 2, 0, 0, '10.00', 184199, 1),
('5161267', 'Goma  MTR , envase de  1 Kg.  espesor  3 mm..', 'Goma  MTR , envase de  1 Kg.  espesor  3 mm..', 2, 0, 0, '10.00', 26333, 1),
('5161274', 'Goma  MTR , envase de  5 Kg , espesor  3 mm..', 'Goma  MTR , envase de  5 Kg , espesor  3 mm..', 2, 0, 0, '10.00', 81107, 1),
('5169049', 'Vulc-Compound A+B   (2 * 650  Grs.)', 'Vulc-Compound A+B   (2 * 650  Grs.)', 2, 0, 0, '10.00', 97553, 1),
('5169216', 'Solución  MTR , Envase de  700 Grs', 'Solución  MTR , Envase de  700 Grs', 2, 0, 0, '10.00', 17357, 1),
('5169240', 'Solución  MTR , Envase de  4,5 Kg.', 'Solución  MTR , Envase de  4,5 Kg.', 2, 0, 0, '10.00', 98926, 1),
('5171525', 'Maquina Vulcanizadora Thermopress Eco 220 V.', 'Maquina Vulcanizadora Thermopress Eco 220 V.', 11, 0, 0, '10.00', 2882956, 1),
('5171965', 'Cojín  de Presión, 260 mm  x 100 mm , Tractor', 'Cojín  de Presión, 260 mm  x 100 mm , Tractor', 11, 0, 0, '10.00', 42061, 1),
('5171989', 'Cojín  de Presión, 210 mm  x 150 mm , Camión', 'Cojín  de Presión, 210 mm  x 150 mm , Camión', 11, 0, 0, '10.00', 42054, 1),
('5172438', 'Cojín  de Presión, 180 mm  x 130 mm , Automovil', 'Cojín  de Presión, 180 mm  x 130 mm , Automovil', 11, 0, 0, '10.00', 28130, 1),
('5173310', 'Segmento Calentamiento  Exterior Banda , Hasta 23.', 'Segmento Calentamiento  Exterior Banda , Hasta 23.5-5-25', 11, 0, 0, '10.00', 97750, 1),
('5173365', 'Segmento Calentamiento  Interior  Banda , Hasta 23', 'Segmento Calentamiento  Interior  Banda , Hasta 23.5-5-25', 11, 0, 0, '10.00', 79340, 1),
('5173510', 'Goma SV Azul, envase  de 5 Kg, Espesor  0,8 mm.', 'Goma SV Azul, envase  de 5 Kg, Espesor  0,8 mm.', 2, 0, 0, '10.00', 102842, 1),
('5173640', 'Resistencia Electrica código 5173578', 'Resistencia Electrica código 5173578', 11, 0, 0, '10.00', 199155, 1),
('5177000', 'Maquina Vulcanizadora Thermopress Dúplex', 'Maquina Vulcanizadora Thermopress Dúplex', 11, 0, 0, '10.00', 1470119, 1),
('5177048', 'Control Temperatura Completo 220 volts,  ( 0° a 15', 'Control Temperatura Completo 220 volts,  ( 0° a 150° ) ', 11, 0, 0, '10.00', 154854, 1),
('5177165', 'Apoyo Goma Calefactor Inferior Camión', 'Apoyo Goma Calefactor Inferior Camión', 11, 0, 0, '10.00', 30954, 1),
('5177172', 'Apoyo Goma Calefactor Inferior Auto', 'Apoyo Goma Calefactor Inferior Auto', 11, 0, 0, '10.00', 26539, 1),
('5193778', 'Anillo Inflador  22.5\"', 'Anillo Inflador  22.5\"', 2, 0, 0, '10.00', 307739, 1),
('5193857', 'Goma Repuesto    22,5\", para código 5193778', 'Goma Repuesto    22,5\", para código 5193778', 2, 0, 0, '10.00', 87698, 1),
('5196603', 'Mandril conexión acople rápido 3/8\" -24 ', 'Mandril conexión acople rápido 3/8\" -24 ', 2, 0, 0, '10.00', 49536, 1),
('5196610', 'Porta Herramienta Acople Rápido   3/8\" -24 ', 'Porta Herramienta Acople Rápido   3/8\" -24 ', 2, 0, 0, '10.00', 10882, 1),
('5196627', 'Porta Herramienta Acople Rápido   3/8\" -24 L', 'Porta Herramienta Acople Rápido   3/8\" -24 L', 2, 0, 0, '10.00', 10882, 1),
('5196634', 'Porta Herramienta Acople Rápido M14 -Rosca 11 mm. ', 'Porta Herramienta Acople Rápido M14 -Rosca 11 mm. ', 2, 0, 0, '10.00', 11139, 1),
('5196641', 'Porta Herramienta Acople Rápido R5 R6 Rosca 16 mm.', 'Porta Herramienta Acople Rápido R5 R6 Rosca 16 mm. ', 2, 0, 0, '10.00', 17350, 1),
('5196665', 'Porta Herramienta Acople Rápido M14 -Rosca 16 mm. ', 'Porta Herramienta Acople Rápido M14 -Rosca 16 mm. ', 2, 0, 0, '10.00', 19404, 1),
('5196672', 'Porta Herramienta Acople Rápido   6 mm.. Hembra', 'Porta Herramienta Acople Rápido   6 mm.. Hembra', 2, 0, 0, '10.00', 19832, 1),
('5196689', 'Porta Herramienta Acople Rápido   8 mm.. Hembra', 'Porta Herramienta Acople Rápido   8 mm.. Hembra', 2, 0, 0, '10.00', 20020, 1),
('5196782', 'Porta Herramienta Acople Rápido   3 mm.. Hembra', 'Porta Herramienta Acople Rápido   3 mm.. Hembra', 2, 0, 0, '10.00', 15810, 1),
('5197028', 'Aspiradora Portátil Neumática', 'Aspiradora Portátil Neumática', 2, 0, 0, '10.00', 109269, 1),
('54000', 'MATERIALES ELECTRICOS VARIOS.', 'MATERIALES ELECTRICOS VARIOS.', 7, 0, 0, '10.00', 18900, 1),
('54003', 'ENCHUFE MACHO IND. VOL. 16A 3P+T', 'ENCHUFE MACHO IND. VOL. 16A 3P+T', 7, 0, 0, '10.00', 5280, 1),
('54553', 'ENCHUFE HEMBRA  IND. S/P 16A 3P+T', 'ENCHUFE HEMBRA  IND. S/P 16A 3P+T', 7, 0, 0, '10.00', 6890, 1),
('55520', 'MicroEsferas balanceo buses Camiones caja 2 bolsas', 'MicroEsferas balanceo buses Camiones caja 2 bolsas', 2, 0, 0, '10.00', 18000, 1),
('5624279', 'Extención Malla Recubierta 210 mm con Soporte', 'Extención Malla Recubierta 210 mm con Soporte', 2, 0, 0, '10.00', 2900, 1),
('5640300', 'Micro interruptor', 'Micro interruptor', 2, 0, 0, '10.00', 17074, 1),
('5640820', 'Juego de Mordazas , Rubber Cut     ( Código Antigu', 'Juego de Mordazas , Rubber Cut     ( Código Antiguo:5640953 )', 2, 0, 0, '10.00', 46026, 1),
('5640915', 'Empuñadura plastica (Mango) , Rubber Cut', 'Empuñadura plastica (Mango) , Rubber Cut', 2, 0, 0, '10.00', 80033, 1),
('5640939', 'Cable    2 Mts , Rubber Cut', 'Cable    2 Mts , Rubber Cut', 2, 0, 0, '10.00', 151084, 1),
('5641220', 'Perfilador Rubber Cut 400  220 Volts', 'Perfilador Rubber Cut 400  220 Volts', 2, 0, 0, '10.00', 581508, 1),
('5642803', 'Juego de Cuchillos R FIX -1  (Caja. 20 Unid.)', 'Juego de Cuchillos R FIX -1  (Caja. 20 Unid.)', 2, 0, 0, '10.00', 8309, 1),
('5642810', 'Juego de Cuchillos R FIX -2  (Caja. 20 Unid.)', 'Juego de Cuchillos R FIX -2  (Caja. 20 Unid.)', 2, 0, 0, '10.00', 8309, 1),
('5642827', 'Juego de Cuchillos R FIX -3  (Caja. 20 Unid.)', 'Juego de Cuchillos R FIX -3  (Caja. 20 Unid.)', 2, 0, 0, '10.00', 8309, 1),
('5642834', 'Juego de Cuchillos R FIX -4  (Caja. 20 Unid.)', 'Juego de Cuchillos R FIX -4  (Caja. 20 Unid.)', 2, 0, 0, '10.00', 8309, 1),
('5642841', 'Juego de Cuchillos R FIX -5  (Caja, 20 Unid.)', 'Juego de Cuchillos R FIX -5  (Caja, 20 Unid.)', 2, 0, 0, '10.00', 8309, 1),
('5642858', 'Juego de Cuchillos W FIX -1 (Caja. 20 Unid.)', 'Juego de Cuchillos W FIX -1 (Caja. 20 Unid.)', 2, 0, 0, '10.00', 8309, 1),
('5642865', 'Juego de Cuchillos W FIX -2 (Caja. 20 Unid.)', 'Juego de Cuchillos W FIX -2 (Caja. 20 Unid.)', 2, 0, 0, '10.00', 8309, 1),
('5642872', 'Juego de Cuchillos W FIX -3 (Caja. 2O Unid)', 'Juego de Cuchillos W FIX -3 (Caja. 2O Unid)', 2, 0, 0, '10.00', 8309, 1),
('5642889', 'Juego de Cuchillos W FIX -4 (Caja. 20 Unid.)', 'Juego de Cuchillos W FIX -4 (Caja. 20 Unid.)', 2, 0, 0, '10.00', 8309, 1),
('5642896', 'Juego de Cuchillos W FIX -5 (Caja. 20 Unid.)', 'Juego de Cuchillos W FIX -5 (Caja. 20 Unid.)', 2, 0, 0, '10.00', 8309, 1),
('5642906', 'Juego de Cuchillos W FIX -6 (Caja. 10 Unid.)', 'Juego de Cuchillos W FIX -6 (Caja. 10 Unid.)', 2, 0, 0, '10.00', 8309, 1),
('5930807', 'Bead-Sealear 1 Lt', 'Bead-Sealear 1 Lt', 2, 0, 0, '10.00', 10145, 1),
('5931851', 'Pasta de Montaje Neumático Mont 2000, envase de 5 ', 'Pasta de Montaje Neumático Mont 2000, envase de 5 Kilos', 2, 0, 0, '10.00', 14055, 1),
('5950722', 'Cepillo Giratorio Especial de Bronce', 'Cepillo Giratorio Especial de Bronce', 2, 0, 0, '10.00', 7156, 1),
('5950801', 'Cortador de Cable de Acero Tipo Alicate', 'Cortador de Cable de Acero Tipo Alicate', 2, 0, 0, '10.00', 46894, 1),
('5951044', 'Rodillo de  4 mm.  Con Rodamiento', 'Rodillo de  4 mm.  Con Rodamiento', 2, 0, 0, '10.00', 37945, 1),
('5951123', 'Rodillo de 12mm.  Con Rodamiento', 'Rodillo de 12mm.  Con Rodamiento', 2, 0, 0, '10.00', 51498, 1),
('5952012', 'Cuchillo Don Carlos, Regulable.', 'Cuchillo Don Carlos, Regulable.', 2, 0, 0, '10.00', 41962, 1),
('5952287', 'Tijera de 8\"', 'Tijera de 8\"', 2, 0, 0, '10.00', 29020, 1),
('5954216', 'Copa  Tungsteno  G-16 ,  65 mm. x 13  mm.  ( NS-00', 'Copa  Tungsteno  G-16 ,  65 mm. x 13  mm.  ( NS-008 )', 2, 0, 0, '10.00', 7284, 1),
('5954292', 'Cuchillo Cóncavo Giratorio 50mm.', 'Cuchillo Cóncavo Giratorio 50mm.', 2, 0, 0, '10.00', 55598, 1),
('5954326', 'Cuchillo Cóncavo Giratorio 30mm. Set 3 piezas', 'Cuchillo Cóncavo Giratorio 30mm. Set 3 piezas', 2, 0, 0, '10.00', 115724, 1),
('5954508', 'Recipiente con Tapa Pincel', 'Recipiente con Tapa Pincel', 2, 0, 0, '10.00', 42964, 1),
('5954515', 'Raspador manual', 'Raspador manual', 2, 0, 0, '10.00', 28610, 1),
('5954553', 'Cepillo de Latón', 'Cepillo de Latón', 2, 0, 0, '10.00', 6402, 1),
('5954560', 'Brocha Interior 8 mm.', 'Brocha Interior 8 mm.', 2, 0, 0, '10.00', 7282, 1),
('5954900', 'Fresa de acero Diametro   3 mm. (2500 RPM)', 'Fresa de acero Diametro   3 mm. (2500 RPM)', 2, 0, 0, '10.00', 19352, 1),
('5954948', 'Fresa de acero Diametro   8 mm. (2500 RPM)', 'Fresa de acero Diametro   8 mm. (2500 RPM)', 2, 0, 0, '10.00', 74741, 1),
('5954962', 'Fresa de acero Diametro   6 mm. (2500 RPM)', 'Fresa de acero Diametro   6 mm. (2500 RPM)', 2, 0, 0, '10.00', 65091, 1),
('5958944', 'Raspa mano Helicoidal 6,5 mm.', 'Raspa mano Helicoidal 6,5 mm.', 2, 0, 0, '10.00', 23853, 1),
('5960255', 'Adaptador plástico para cartucho  de inflado', 'Adaptador plástico para cartucho  de inflado', 2, 0, 0, '10.00', 2149, 1),
('5960420', 'Cartucho de Inflado  (CO2)  16 Gr.', 'Cartucho de Inflado  (CO2)  16 Gr.', 2, 0, 0, '10.00', 2874, 1),
('5961027', 'Rodillo de  4 mm x  35 mm dia.  Con Eje', 'Rodillo de  4 mm x  35 mm dia.  Con Eje', 2, 0, 0, '10.00', 8184, 1),
('6001EM-300', 'ACEITE ESTER SUNISO SL-32 1 LITRO', 'ACEITE ESTER SUNISO SL-32 1 LITRO', 14, 0, 0, '10.00', 20980, 1),
('66251', 'conector macho', 'conector macho', 7, 0, 0, '10.00', 1980, 1),
('6900009', 'Elevador de Tijera Mecanico 3,5 Ton 220 Volt', 'Elevador de Tijera Mecanico 3,5 Ton 220 Volt', 11, 0, 0, '10.00', 2791800, 1),
('6900010', 'Elevador 2 Columnas Inferior 4,0 Ton 220 Volt', 'Elevador 2 Columnas Inferior 4,0 Ton 220 Volt', 11, 0, 0, '10.00', 1197900, 1),
('6900011', 'Elevador 2 Columnas Superior  4,0 Ton 220 Volt', 'Elevador 2 Columnas Superior  4,0 Ton 220 Volt', 11, 0, 0, '10.00', 1336500, 1),
('6900012', 'Elevador de Tijera Alineación 4,5 Ton 220 Volt', 'Elevador de Tijera Alineación 4,5 Ton 220 Volt', 11, 0, 0, '10.00', 5445000, 1),
('6900013', 'Criquet Hidraulico 3,0 Ton', 'Criquet Hidraulico 3,0 Ton', 11, 0, 0, '10.00', 784080, 1),
('6900014', 'Desmontadora de Auto Aro 12\" a 24\", Dia 39\" 220 Vo', 'Desmontadora de Auto Aro 12\" a 24\", Dia 39\" 220 Volt', 11, 0, 0, '10.00', 732600, 1),
('6900015', 'Desmontadora de Auto Aro 12\" a 24\", Dia 39\" 220 Vo', 'Desmontadora de Auto Aro 12\" a 24\", Dia 39\" 220 Volt IT', 11, 0, 0, '10.00', 863280, 1),
('6900016', 'Brazo Auxiliar para Desmontadora', 'Brazo Auxiliar para Desmontadora', 11, 0, 0, '10.00', 393030, 1),
('6900017', 'Desmontadora de Auto Aro 12\" a 26\", Dia 41\" -Brazo', 'Desmontadora de Auto Aro 12\" a 26\", Dia 41\" -Brazo Auxiliar - IT', 11, 0, 0, '10.00', 1568160, 1),
('6900018', 'Balanceadora de Autos Digital, con Capucha 220 Vol', 'Balanceadora de Autos Digital, con Capucha 220 Volts', 11, 0, 0, '10.00', 710820, 1),
('8301030-0', 'SERPENTINA  DESCARGA  MSV 30/40 MAX', 'SERPENTINA  DESCARGA  MSV 30/40 MAX', 7, 0, 0, '10.00', 133500, 1),
('8301257-0', 'ELEMNTO DE FILTRO 1-1/2-3/4 CILINDRO PLASTICO', 'ELEMNTO DE FILTRO 1-1/2-3/4 CILINDRO PLASTICO', 15, 0, 0, '10.00', 20980, 1),
('90MS', 'Válvula Tubular 90MS', 'Válvula Tubular 90MS', 12, 0, 0, '10.00', 1200, 1),
('ACEITE', 'ACEITE HIDROLAVADORA', 'ACEITE HIDROLAVADORA', 14, 876, 0, '10.00', 1100, 1),
('ADPEJ', 'ADAPTADOR EJE PULMON', 'ADAPTADOR EJE PULMON', 2, 0, 0, '10.00', 68900, 1),
('AFRL-8', 'FILTRO REGULADOR LUBRICADOR 1/2', 'FILTRO REGULADOR LUBRICADOR 1/2', 15, 0, 0, '10.00', 65000, 1),
('AMEX76', 'INVERSOR DE GIRO Y CONMUTADOR', 'INVERSOR DE GIRO Y CONMUTADOR', 2, 0, 0, '10.00', 55600, 1),
('ANI34024', 'MACHITO HEMBRA 1/4', 'MACHITO HEMBRA 1/4', 7, 0, 0, '10.00', 12980, 1),
('ANI34025', 'MACHITO MACHO 1/4', 'MACHITO MACHO 1/4', 7, 0, 0, '10.00', 1490, 1),
('ANI35910', 'Machito Macho 1/2', 'Machito Macho 1/2', 7, 0, 0, '10.00', 6980, 1),
('AR21/23', 'abrazadera alta presión 21/23', 'abrazadera alta presión 21/23', 2, 0, 0, '10.00', 2442, 1),
('BARR', 'BARRETILLA DESMONTAJE', 'BARRETILLA DESMONTAJE', 2, 0, 0, '10.00', 14000, 1),
('BATCOR', 'BATERIAS PEQUEÑAS 3,2 AH', 'BATERIAS PEQUEÑAS 3,2 AH', 2, 0, 0, '10.00', 9000, 1),
('BATLAR', 'BATERIAS LARGAS 7,2 AH', 'BATERIAS LARGAS 7,2 AH', 2, 0, 0, '10.00', 18000, 1),
('BOLM', 'BOLA PARA MANILLA', 'BOLA PARA MANILLA', 2, 0, 0, '10.00', 5600, 1),
('BOMHIDR', 'BOMBA HIDRAULICA', 'BOMBA HIDRAULICA', 2, 0, 0, '10.00', 245980, 1),
('BOMROLL', 'BOMBA ROLLING JACK HIDRONEUMATICA', 'BOMBA ROLLING JACK HIDRONEUMATICA', 2, 0, 0, '10.00', 220980, 1),
('BOTPUL', 'BOTON PULSADOR', 'BOTON PULSADOR', 2, 0, 0, '10.00', 35000, 1),
('BUJG', 'BUJES GARRAS ALINEADORA', 'BUJES GARRAS ALINEADORA', 14, 0, 0, '10.00', 21600, 1),
('CANV', 'CANALETAS TIPO V CUBRE MANGUERAS', 'CANALETAS TIPO V CUBRE MANGUERAS', 14, 0, 0, '10.00', 32980, 1),
('CBALC', 'CORREA BALANCEADORA', 'CORREA BALANCEADORA', 14, 0, 0, '10.00', 12590, 1),
('CCOMP', 'CORREA COMPRESOR', 'CORREA COMPRESOR', 14, 0, 0, '10.00', 9890, 1),
('CDN4', 'CABLE 4 CONDUCTORES 2,5 MM 15 MTS', 'CABLE 4 CONDUCTORES 2,5 MM 15 MTS', 14, 0, 0, '10.00', 38000, 1),
('CF-CABINA', 'FILTRO DE TECHO CABINA', 'FILTRO DE TECHO CABINA', 14, 0, 0, '10.00', 0, 1),
('CH3GM', 'Valvula de palanca 5/3 - 1/2\"', 'Valvula de palanca 5/3 - 1/2\"', 12, 0, 0, '10.00', 160100, 1),
('CM61/4', 'CODO MACHO 6 X 1/4', 'CODO MACHO 6 X 1/4', 14, 0, 0, '10.00', 2450, 1),
('CM61/8', 'CODO MACHO 6 X 1/8', 'CODO MACHO 6 X 1/8', 14, 0, 0, '10.00', 1450, 1),
('CM81/4', 'CODO MACHO 8 X 1/4', 'CODO MACHO 8 X 1/4', 14, 0, 0, '10.00', 2400, 1),
('CM81/8', 'CODO MACHO 8 X 1/8', 'CODO MACHO 8 X 1/8', 14, 0, 0, '10.00', 1400, 1),
('CMSV40', 'CORREAS MSV 40 BAX78B', 'CORREAS MSV 40 BAX78B', 14, 0, 0, '10.00', 18960, 1),
('CONO', 'CONO MARIPOSA PEQUEÑO', 'CONO MARIPOSA PEQUEÑO', 14, 0, 0, '10.00', 45000, 1),
('CORDON', 'CABLE PARA COMANDO', 'CABLE PARA COMANDO', 14, 0, 0, '10.00', 42000, 1),
('CP873', 'Raspador Neumatico CP873 2800 RPM', 'Raspador Neumatico CP873 2800 RPM', 14, 0, 0, '10.00', 132980, 1),
('CTOR', 'CORREA TORNO RECTIFICADOR', 'CORREA TORNO RECTIFICADOR', 14, 0, 0, '10.00', 6800, 1),
('DEPELV2', 'DEPOSITO DE ACEITE ELEVADOR', 'DEPOSITO DE ACEITE ELEVADOR', 14, 0, 0, '10.00', 98900, 1),
('EAA0361J00A', 'CONTROL REMOTO CAMARAS', 'CONTROL REMOTO CAMARAS', 14, 0, 0, '10.00', 98750, 1),
('ESTROT', 'ESTANQUE ROTARY', 'ESTANQUE ROTARY', 14, 0, 0, '10.00', 170000, 1),
('EVAL', 'VALVULA CONTROL', 'VALVULA CONTROL', 12, 0, 0, '10.00', 65980, 1),
('FF-CABINA', 'FILTRO DE PISO CABINA', 'FILTRO DE PISO CABINA', 15, 0, 0, '10.00', 44900, 1),
('FILMSV', 'FILTRO DE AIRE MSV 40', 'FILTRO DE AIRE MSV 40', 15, 0, 0, '10.00', 19980, 1),
('FILP', 'FILTRO DE PISO', 'FILTRO DE PISO', 15, 0, 0, '10.00', 85200, 1),
('FLEXC', 'FLEXIBLE CORTO HIDRAULICO', 'FLEXIBLE CORTO HIDRAULICO', 14, 0, 0, '10.00', 52000, 1),
('FLEXL', 'FLEXIBLE LARGO HIDRAULICO', 'FLEXIBLE LARGO HIDRAULICO', 14, 0, 0, '10.00', 65000, 1),
('FLX2020', 'TUBO ASPIRACIÓN BOMBA', 'TUBO ASPIRACIÓN BOMBA', 14, 0, 0, '10.00', 13600, 1),
('FLXMI', 'FILTRO MALLA INOXIDABLE', 'FILTRO MALLA INOXIDABLE', 15, 0, 0, '10.00', 28600, 1),
('FUENPOD', 'FUENTE DE PODER ALINEADORA V3D', 'FUENTE DE PODER ALINEADORA V3D', 14, 0, 0, '10.00', 85000, 1),
('IGSERV', 'INSUMOS GENERALES', 'INSUMOS GENERALES', 2, 0, 0, '10.00', 25000, 1),
('JON05', 'Manguera Retractil Poliuretano 8x5 mts', 'Manguera Retractil Poliuretano 8x5 mts', 14, 0, 0, '10.00', 22352, 1),
('JON10', 'Manguera Retractil Poliuretano 8x10 mts', 'Manguera Retractil Poliuretano 8x10 mts', 14, 0, 0, '10.00', 27890, 1),
('KITPUL', 'KIT REPARACIÓN PULMON NEUMATICO', 'KIT REPARACIÓN PULMON NEUMATICO', 14, 0, 0, '10.00', 69000, 1),
('KITSELLOS', 'KIT SELLOS CILINDRO GARRAS', 'KIT SELLOS CILINDRO GARRAS', 14, 0, 0, '10.00', 42980, 1),
('KITTSC15', 'KIT FILTROS COMPRESOR TORNILLO EMAX TSC-15', 'KIT FILTROS COMPRESOR TORNILLO EMAX TSC-15', 14, 0, 0, '10.00', 174300, 1),
('KITVAL', 'KIT ORINES CUERPO DE VALVULAS', 'KIT ORINES CUERPO DE VALVULAS', 14, 0, 0, '10.00', 58900, 1),
('MANAIR', 'MANGUERA COMPRESOR CON  TERMINALES', 'MANGUERA COMPRESOR CON  TERMINALES', 14, 0, 0, '10.00', 35000, 1),
('MANCOR', 'MANGUERA HIDRAULICA CORTA', 'MANGUERA HIDRAULICA CORTA', 14, 0, 0, '10.00', 49900, 1),
('MANHI', 'MANOMETRO CON GLISERINA', 'MANOMETRO CON GLISERINA', 14, 0, 0, '10.00', 35980, 1),
('MANINF', 'MANOMETROS DE INFLADO', 'MANOMETROS DE INFLADO', 14, 0, 0, '10.00', 29980, 1),
('MANLAR', 'MANGUERA HIDRAULICA', 'MANGUERA HIDRAULICA', 14, 0, 0, '10.00', 79800, 1),
('MCBAL', 'Martillo de Contrapesos', 'Martillo de Contrapesos', 14, 0, 0, '10.00', 12000, 1),
('Minf', 'Manguera inflado', 'Manguera inflado', 14, 0, 0, '10.00', 16900, 1),
('MPOL', 'MANILLA POLEA', 'MANILLA POLEA', 14, 0, 0, '10.00', 35600, 1),
('MRECT', 'MANGUERA RETRACTIL', 'MANGUERA RETRACTIL', 14, 0, 0, '10.00', 35900, 1),
('MSW', 'MICRO SWITCH', 'MICRO SWITCH', 14, 0, 0, '10.00', 0, 1),
('NPTDES', 'NIPLES VARIOS DESMONT 2 TEE,2 CODOS,1 CODO 1/4', 'NIPLES VARIOS DESMONT 2 TEE,2 CODOS,1 CODO 1/4', 14, 0, 0, '10.00', 37500, 1),
('NPTEE', 'NIPLES VARIOS BRONCE ESPIGAS,COPLAS,TEE,ABRAZADERA', 'NIPLES VARIOS BRONCE ESPIGAS,COPLAS,TEE,ABRAZADERAS', 14, 0, 0, '10.00', 26890, 1),
('OIL32', 'ACEITE HIDRAULICO 32', 'ACEITE HIDRAULICO 32', 14, 0, 0, '10.00', 38990, 1),
('OIL40', 'ACEITE COMPRESOR', 'ACEITE COMPRESOR', 14, 0, 0, '10.00', 14200, 1),
('OIL46', 'ACEITE COMPRESOR TORNILLO LITRO', 'ACEITE COMPRESOR TORNILLO LITRO', 14, 0, 0, '10.00', 45700, 1),
('OIL90', 'ACEITE CORONA 90', 'ACEITE CORONA 90', 14, 0, 0, '10.00', 5200, 1),
('PDESM', 'PISTON DESTALONADOR', 'PISTON DESTALONADOR', 14, 0, 0, '10.00', 198600, 1),
('PER10', 'PERNOS DE ANCLAJE DE 3/8', 'PERNOS DE ANCLAJE DE 3/8', 8, 0, 0, '10.00', 1250, 1),
('PER13', 'PERNOS DE ANCLAJE DE 1/2', 'PERNOS DE ANCLAJE DE 1/2', 8, 0, 0, '10.00', 980, 1),
('PER16', 'PERNOS DE ANCLAJE DE 5/8', 'PERNOS DE ANCLAJE DE 5/8', 8, 0, 0, '10.00', 3890, 1),
('PER19', 'PERNOS DE ANCLAJE DE 3/4', 'PERNOS DE ANCLAJE DE 3/4', 8, 0, 0, '10.00', 4200, 1),
('PER8', '24 PERNOS DE ANCLAJE DE 1/4', '24 PERNOS DE ANCLAJE DE 1/4', 8, 0, 0, '10.00', 18900, 1),
('PF6051', 'PRE-FOLDER 6051  4X80', 'PRE-FOLDER 6051  4X80', 14, 0, 0, '10.00', 35600, 1),
('PIODES', 'PIOLA DESTRABE ELEVADOR', 'PIOLA DESTRABE ELEVADOR', 11, 0, 0, '10.00', 12500, 1),
('PIOTRAB', 'PIOLA TRABAJO ELEVADOR', 'PIOLA TRABAJO ELEVADOR', 11, 0, 0, '10.00', 85000, 1),
('PISTOL', 'PISTOLA DE INFLADO', 'PISTOLA DE INFLADO', 14, 0, 0, '10.00', 17800, 1),
('PLATOS', 'JUEGO PLATOS DE ALINEACIÓN DELANTEROS', 'JUEGO PLATOS DE ALINEACIÓN DELANTEROS', 14, 0, 0, '10.00', 420000, 1),
('PMSVS', 'PRESOSTATO SHULZ', 'PRESOSTATO SHULZ', 14, 0, 0, '10.00', 68900, 1),
('PNDESM', 'PULMON NEUMATICO DESMONTADORA', 'PULMON NEUMATICO DESMONTADORA', 14, 0, 0, '10.00', 155980, 1),
('REPCIL2', 'REPARACIÓN CILINDRO HIDRAULICO', 'REPARACIÓN CILINDRO HIDRAULICO', 14, 0, 0, '10.00', 170000, 1),
('REPCIL4', 'REPARACIÓN CILINDRO 4 COLUMNAS', 'REPARACIÓN CILINDRO 4 COLUMNAS', 14, 0, 0, '10.00', 198000, 1),
('REPCILN', 'REPARACIÓN CILINDRO NEUMATICO', 'REPARACIÓN CILINDRO NEUMATICO', 14, 0, 0, '10.00', 125600, 1),
('REPCILTIJ', 'REPARACIÓN CILINDRO TIJERA', 'REPARACIÓN CILINDRO TIJERA', 14, 0, 0, '10.00', 150000, 1),
('REPDEST', 'REPARACIÓN PULMON DESTALONADOR', 'REPARACIÓN PULMON DESTALONADOR', 14, 0, 0, '10.00', 155000, 1),
('REPLA', 'REPARACIÓN PLATOS DE ALINEACIÓN CAMIONES', 'REPARACIÓN PLATOS DE ALINEACIÓN CAMIONES', 14, 0, 0, '10.00', 226000, 1),
('REPMOT', 'SERVICIO REPARACIÓN MOTOR ELECTRICO', 'SERVICIO REPARACIÓN MOTOR ELECTRICO', 14, 0, 0, '10.00', 90000, 1),
('REPMOT TOR', 'REPARACIÓN MOTOR TORNO', 'REPARACIÓN MOTOR TORNO', 14, 0, 0, '10.00', 80000, 1),
('REPUESTO', 'KIT REPARACIÓN MAQUINA HIDROLAV PH 4000', 'KIT REPARACIÓN MAQUINA HIDROLAV PH 4000', 14, 0, 0, '10.00', 1820600, 1),
('SOPORTMOT', 'SOPORTE DE GOMA PARA MOTOR ELEVADOR', 'SOPORTE DE GOMA PARA MOTOR ELEVADOR', 14, 0, 0, '10.00', 5980, 1),
('T10', 'TECALAN DE 10 MM', 'TECALAN DE 10 MM', 14, 0, 0, '10.00', 2980, 1),
('T6', 'TECALAN DE 6 MM', 'TECALAN DE 6 MM', 14, 0, 0, '10.00', 1520, 1),
('T8', 'TECALAN DE 8 MM', 'TECALAN DE 8 MM', 14, 0, 0, '10.00', 1983, 1),
('TA-02/1', 'Adhesivo Auto Tira de 60 grs.', 'Adhesivo Auto Tira de 60 grs.', 14, 0, 0, '10.00', 22000, 1),
('TACOG', 'TOPES DE GOMA PARA DE ELEVADOR', 'TOPES DE GOMA PARA DE ELEVADOR', 14, 0, 0, '10.00', 0, 1),
('TACOL', 'TACO DE GOMA RECTANGULAR TIJERA 200x100x70', 'TACO DE GOMA RECTANGULAR TIJERA 200x100x70', 14, 0, 0, '10.00', 28900, 1),
('TACOO', 'TACO OCTAGONAL', 'TACO OCTAGONAL', 14, 0, 0, '10.00', 22580, 1),
('TACOR', 'TACO DE GOMA REDONDO', 'TACO DE GOMA REDONDO', 14, 0, 0, '10.00', 18900, 1),
('TACOREC', 'TACO DE GOMA RECTANGULAR ', 'TACO DE GOMA RECTANGULAR ', 14, 0, 0, '10.00', 18000, 1),
('TCM61/4', 'TEE CENTRAL MACHO 6 X 1/4', 'TEE CENTRAL MACHO 6 X 1/4', 14, 0, 0, '10.00', 2800, 1),
('TCM81/4', 'TEE CENTRAL MACHO 8 X 1/4', 'TEE CENTRAL MACHO 8 X 1/4', 14, 0, 0, '10.00', 3570, 1),
('TFR', 'TRABA FRENO', 'TRABA FRENO', 14, 0, 0, '10.00', 77500, 1),
('TR-218-A', 'Valvula Tubular Tractor GOMA S/COJIN', 'Valvula Tubular Tractor GOMA S/COJIN', 12, 0, 0, '10.00', 1980, 1),
('TR-412', 'Válvula Tubular TR -412 Auto 100 unid.', 'Válvula Tubular TR -412 Auto 100 unid.', 12, 0, 0, '10.00', 16000, 1),
('TR-413', 'Válvula Tubular TR-413 Auto-Camioneta 100 unid.', 'Válvula Tubular TR-413 Auto-Camioneta 100 unid.', 12, 0, 0, '10.00', 14000, 1),
('TR-414', 'válvula Tubular TR - 414', 'válvula Tubular TR - 414', 12, 0, 0, '10.00', 25000, 1),
('TR-415', 'Válvula tubular TR-415 ', 'Válvula tubular TR-415 ', 12, 0, 0, '10.00', 0, 1),
('TR-418', 'Válvula Tubular TR - 418', 'Válvula Tubular TR - 418', 12, 0, 0, '10.00', 0, 1),
('TR-572', 'Válvula tubular TR-572 Americana ', 'Válvula tubular TR-572 Americana ', 12, 0, 0, '10.00', 1200, 1),
('TR-573', 'Válvula tubular TR-573 Americana ', 'Válvula tubular TR-573 Americana ', 12, 0, 0, '10.00', 0, 1),
('TR-618A', 'Valvula Tubular Tractor', 'Valvula Tubular Tractor', 12, 0, 0, '10.00', 2490, 1),
('TT1/2', 'TAPON TORNILLO GALVANIZADO 1/2', 'TAPON TORNILLO GALVANIZADO 1/2', 14, 0, 0, '10.00', 600, 1),
('TT1/4', 'TAPON TORNILLO GALVANIZADO 1/4', 'TAPON TORNILLO GALVANIZADO 1/4', 14, 0, 0, '10.00', 800, 1),
('TT3/4', 'TAPON TORNILLO GALVANIZADO 3/4', 'TAPON TORNILLO GALVANIZADO 3/4', 14, 0, 0, '10.00', 980, 1),
('TVOL', 'TRABA VOLANTE', 'TRABA VOLANTE', 14, 0, 0, '10.00', 102500, 1),
('UMBOMB', 'CONJUNTO MOTOR BOMBA HIDRAULICA', 'CONJUNTO MOTOR BOMBA HIDRAULICA', 14, 0, 0, '10.00', 698990, 1),
('UNIMOTOR', 'UNIDAD CONJUNTO MOTOR TIJERA ALINEACIÓN CONSOLA', 'UNIDAD CONJUNTO MOTOR TIJERA ALINEACIÓN CONSOLA', 14, 0, 0, '10.00', 1598600, 1),
('UR86', 'UNION REDUCCION 8 MM X 6 MM', 'UNION REDUCCION 8 MM X 6 MM', 14, 0, 0, '10.00', 1800, 1),
('UT6', 'UNION 6 MM', 'UNION 6 MM', 14, 0, 0, '10.00', 1600, 1),
('UT8', 'UNIÓN 8 MM', 'UNIÓN 8 MM', 14, 0, 0, '10.00', 1600, 1),
('UTE6', 'TEE DE 6 MM', 'TEE DE 6 MM', 14, 0, 0, '10.00', 1720, 1),
('UTE8', 'TEE DE 8 MM', 'TEE DE 8 MM', 14, 0, 0, '10.00', 1700, 1),
('VAL53', 'VALVULA 5/3', 'VALVULA 5/3', 12, 0, 0, '10.00', 45000, 1),
('VALRET', 'VALVULA DE RETORNO BAJADA', 'VALVULA DE RETORNO BAJADA', 12, 0, 0, '10.00', 45980, 1),
('VALTR', 'VALVULA DE ACTIVACIÓN TRONQUETES', 'VALVULA DE ACTIVACIÓN TRONQUETES', 12, 0, 0, '10.00', 98900, 1);

-- --------------------------------------------------------

--
-- Estructura de tabla para la tabla `proveedores`
--

CREATE TABLE `proveedores` (
  `codigo_proveedor` varchar(9) NOT NULL,
  `nombre_proveedor` varchar(30) NOT NULL,
  `giro_proveedor` varchar(50) NOT NULL,
  `region_proveedor` int(11) NOT NULL,
  `provincia_proveedor` int(11) NOT NULL,
  `comuna_proveedor` int(11) NOT NULL,
  `direccion_proveedor` varchar(40) NOT NULL,
  `fono_proveedor` varchar(9) NOT NULL,
  `mail_proveedor` text NOT NULL
) ENGINE=InnoDB DEFAULT CHARSET=utf8mb4;

--
-- Volcado de datos para la tabla `proveedores`
--

INSERT INTO `proveedores` (`codigo_proveedor`, `nombre_proveedor`, `giro_proveedor`, `region_proveedor`, `provincia_proveedor`, `comuna_proveedor`, `direccion_proveedor`, `fono_proveedor`, `mail_proveedor`) VALUES
('100668203', 'Oscar Martinez', 'Servicio Tecnico', 7, 23, 86, 'Av. Trinidad 05905', '92363037', ''),
('101565637', 'Lubricentro A y E', 'Servicio', 7, 23, 94, 'Ohiggins 341, Quilicura', '9 7608  8', 'ae.lubricentro@gmail.com'),
('101642402', 'Juan Luis Silva Ramirez', 'Lubricentro', 7, 23, 100, 'Av. Central Gonzalo Perez Llona', '7660717', ''),
('102077520', 'Felix Toro', 'Taller', 6, 18, 66, '14 Norte 1231', '', ''),
('103975085', 'Clemente del Carmen Velasquez ', 'Lubricentro', 7, 26, 125, 'Silva Chavez 1070', '228316334', 'lubrivelasquez@hotmail.com'),
('104724701', 'Pedro Antonio Insulza Escobar', 'Taller', 12, 42, 283, 'Volcan 905', '', 'fabian_rojas77@yahoo.es'),
('104878164', 'Carmen Clara Varas Z.', 'Taller', 3, 7, 17, 'Chacalluda 135', '243288', ''),
('104961991', 'Victor Manuel Tobar ', 'Serviteca', 8, 28, 151, 'Arturo Prat 340', '72-572540', ''),
('105993935', 'Alex Carriño Vega', 'Taller', 4, 9, 25, 'Av Miguel Lever 298', '9-8740495', 'vulcanización@hotmail.com'),
('107352279', 'Taller los Rios', 'Taller', 7, 27, 134, 'Esmeralda 2738', '', ''),
('107453911', 'Fermin Luengo', 'Serviteca', 6, 18, 70, 'Arturo Prat 689', '', ''),
('107630031', 'Javier Sandoval Quilican', 'Serviteca', 7, 23, 93, 'Jose Joaquin Perez 5788', '28335449', ''),
('108140178', 'Luis  Alberto Luna', 'Taller', 9, 34, 195, 'Baipas s/n', '95037803', ''),
('108777168', 'Jeannette Olivares', 'Taller', 4, 9, 23, 'Miguel Gallo 516', '214865', ''),
('109651508', 'Sandro  Pezo', 'Taller', 12, 42, 264, 'Prat 11, Carampanhue, Arauco', '9 4265879', 'sandropezor@gmail.com'),
('109675873', 'Pablo Viera Bustos ', 'Taller ', 8, 28, 138, 'CARRETERA H30, DOÑIHUE ', '984227883', 'tomsoyer101@gmail.com'),
('109748730', 'Alvaro Cancino Palacios', 'Taller', 9, 32, 184, 'Calle Atenas 222', '', 'alvaro.cancino@icloud.com'),
('111476071', 'Eduardo Cares', 'Taller', 12, 42, 268, 'Daniel Bustos', '90334795', ''),
('113728264', 'Lorenzo Campos Quiroz', 'Taller', 9, 32, 177, '10 Oriente 12 sur 92', '71-728026', ''),
('113940336', 'Guillermo Padilla', 'Taller', 7, 23, 109, 'General Arriagada 1479', '908099336', ''),
('114921440', 'Carcenter Rancagua', 'Serviteca', 8, 28, 148, 'Rancagua', '72-213013', ''),
('115155385', 'Eliseo Saavedra ', 'Taller ', 6, 14, 46, 'av humeres 2230, cabildo', '992224852', 'saavedralinderman@hotmail.com'),
('115500554', 'Transportes Concha', 'Taller', 7, 23, 117, 'Aeropuerto 9631', '', ''),
('118178025', 'Luis Humberto Araya Ramirez', 'Taller', 3, 6, 14, 'Avda. Prat Nº 2552', '55-848972', ''),
('118401964', 'Ricardo Ponce', 'Taller', 8, 28, 148, 'Diego de Almagro 2237', '90519119', ''),
('118799453', 'Joaquin Vilches', 'Taller', 7, 23, 92, 'Recoleta 3516', '', 'joaquin.vilches@gmail.com'),
('120241508', 'Cristian Peña Opazo', 'taller', 7, 24, 118, 'Carrenleufu 5731', '62144613', ''),
('121246147', 'John Mc-cubbin', 'Taller', 3, 7, 17, 'Carlos Oviedo 3674', '73989633', ''),
('122771032', 'Isabel Riffo Benitez', 'Taller', 7, 23, 88, 'Av. El Parron 1815', '98296761', ''),
('123248589', 'Brancim Beltran', 'taller', 11, 38, 222, 'Av de los rios 476', '9-7753086', '                              '),
('123615026', 'Juan Marcelo Vasquez Beltran', 'Vulcanizacion', 12, 41, 257, 'Camino Angol Los Sauces km 1 Lote A02-8', '', 'vulcasanignacio@hotmail.com'),
('124136164', 'Patricio Andres Luciniani', 'Taller', 12, 42, 263, 'Julio Bushmann 2375', '312900', ''),
('124458870', 'Jose Vega', '', 5, 11, 30, '', '', 'vegaallservices@gmail.com'),
('124508819', 'Leiton y Araya Ltda', 'DyP', 6, 18, 66, 'Calle Cuatro 2256, Sata Ines', '32-327131', 'gorokar@hotmail.es'),
('124680379', 'Patricio Martinez', 'Servicio Tecnico', 11, 39, 233, '', '', 'pmmqconce@yahoo.com'),
('124958970', 'Car Center Tobalaba', 'Carcenter', 7, 24, 118, 'Av. Camilo Henriquez 3692', '95055062', 'oleiva@sodimac.cl'),
('128275211', 'Beatriz Arce Espinoza', 'Taller', 6, 15, 50, 'Calle Larga 2165', '461728', ''),
('128797947', 'Nelson Alejando Martinez', 'Taller Pintura', 8, 28, 151, 'Tira Larga S/N Callejones', '9-7457565', 'tallerdepinturaneo@hotmail.com'),
('129795115', 'Pedro Vined Gonzalez', 'Taller', 7, 23, 86, '10 de Julio 307-A', '96137115', ''),
('130041035', 'Carlos Musalen Cumsille', 'Taller', 8, 29, 155, 'Cura Montenegro 49-C', '72-859359', ''),
('133340734', 'Juan Francisco Torres', 'Taller', 7, 23, 92, 'Av. El Guanaco 4569', '97768183', ''),
('135871206', 'Alejandra Osses Gomez', 'Taller', 13, 43, 284, 'Llancague Esq. Las Gaviotas S/N', '63-201011', 'fsaelectricidad@gmail.com'),
('136880799', 'Italo Villarroel', 'Serviteca', 7, 23, 86, 'Nueva Uno 1688', '', ''),
('136998528', 'Carlos Rosales Palma', 'Taller', 7, 25, 121, 'Santa Teresa 1040', '99272652', ''),
('143750795', 'Lorenzo Escobar / Ada Fuentes', 'Vulcanizacion', 7, 23, 86, 'Segunda Transversal 3063', '9862791', ''),
('144155564', 'Lavado Automotriz Linares', 'Taller', 7, 23, 108, 'Av Linares 0695', '9-4592138', 'druvihuentelican@gmail.com'),
('144322800', 'Juan Calcina', 'Taller', 3, 6, 14, 'Hernan Cortez 3159', '91381459', ''),
('145118824', 'Rodrigo Troncoso Melo ', 'Taller ', 12, 42, 263, 'Claro del Solar 1167 Temuco ', '990332273', 'trongat1680@hotmail.com'),
('145251249', 'Alberto Toloza Bustamante', 'Serviteca', 9, 33, 188, 'Chorrillos 1541', '', 'contacto@neumaticostoloza.cl'),
('145324904', 'Miguel Lizana', 'Vulcanizacion', 7, 27, 133, 'Av. Bilbao 888', '8121103', ''),
('146646387', 'Henrry Tomas Constante', 'Taller', 7, 23, 98, 'Clotario Best 2269', '', ''),
('14673796k', 'Eduardo Palacios', 'Taller', 7, 23, 86, 'Santa Rosa  7976', '', ''),
('147277903', 'Santo Chomba Becerra', 'Serviteca', 7, 23, 110, 'Americo Vespucio 0690', '(02) 2547', 'mari.rodriguez.mr719@gmail.com'),
('14727903', 'Santos Chomba', '', 7, 25, 121, 'Colon 0160', '5471499', 'mari.rodriguez.mr719@gmail.com'),
('150267633', 'Kirby Guzman', 'Taller', 4, 9, 23, 'Maipu 894', '52-238514', ''),
('150623553', 'Manuel Venegas Rubio', 'Taller', 6, 17, 62, 'Carrera 1907', '', 'manuelvr@hotmail.com'),
('150960142', 'Luis Yañez Vidal', '', 6, 18, 66, 'Villa Las Eucenas 3 Santa Julia', '8-2094076', ''),
('152581777', 'Daniel Sanhueza', 'taller', 12, 42, 263, 'General Cruz 401', '045-22109', 'fullfreno.temuco@gmail.com'),
('154552758', 'Valeska Andrea Mercado Mondaca', 'Taller', 5, 11, 31, 'Bauedano 920, Coquimbo', '65035030', 'newcar.melendez@gmail.com'),
('15523827k', 'Lorena Bustamante', 'Taller', 7, 23, 88, 'Av. El Parron 1821', '84008587', ''),
('155923814', 'Alex Molina Sanhueza', 'Taller', 11, 39, 233, 'Pje  32  N°2041 Pobl. Teniente Merino 1 ', '9-6608651', 'alx.molina.s@gmail.com'),
('160097841', 'Francesca Gauthier Trigari', 'Taller', 11, 39, 233, 'Collao 1689', '97526280', ''),
('160835710', 'Auto renta del Pacifico ', 'Taller ', 7, 23, 117, 'Las Hortensias 501', '942514425', 'dllanos@mitta.cl '),
('163215314', 'Felipe Eduardo Lopez Moraga', 'Taller', 6, 21, 79, 'Pasaje Cuatro 572', '', 'flopez.moraga@gmail.com'),
('16449778K', 'Eduar Oguen Ramirez', 'Taller', 4, 10, 26, 'Sargento Aldea 158', '51-610225', ''),
('164846490', 'Pablo Morales ', 'Taller ', 13, 43, 284, '', '954454300', 'Pablomen_nex@hotmail.com '),
('165546296', 'Carlos Rodriguez Lopez', 'Taller', 4, 8, 22, 'Juan Martinez 1109', '56572704', ''),
('173735316', 'Lubricantes Melendez', 'Taller', 7, 23, 100, 'Av Pajaritos 3954, Maipu', '2 2292 18', 'i.ivonneb.arias@gmail.com'),
('175182713', 'Camus Car', 'Taller', 7, 23, 97, 'Ictinos 1162', '6-9192643', 'camus.ingeniero.sonido@gmail.com'),
('176561440', 'Axel Edgard Tapia Olivares', 'Taller', 3, 6, 14, 'Av Argentina n° 3594', '', 'axell88@live.cl'),
('2027139', 'Patricio Battaglia Full servic', 'Serviteca', 7, 23, 105, 'Av. Tomas Moro 84', '2-2027139', ''),
('211408073', 'Walter Uriol', 'Taller', 7, 23, 86, 'avda.Oriental 6222', '', ''),
('213289195', 'Luis Alberto Avila Ponce', 'Vulcanizacion', 7, 25, 121, 'Av Colon 0160', '', 'luis_avila_19@hotmail.com'),
('21858707', 'Franklin Gonzalez', 'Taller', 7, 23, 86, 'Ernesto Riquelme 438', '89248745', ''),
('218587070', 'Franklin Duaanel Hernandez Her', '', 7, 23, 114, 'Ernesto Riquelme # 439', '', ''),
('34703159', 'Emilio Castillo Villalobos', 'Taller', 7, 27, 133, 'Doce de Septiembre 2499', '93069002', ''),
('42553859', 'Manuel Vera Castro', 'Taller', 6, 16, 58, 'Riquelme 108', '32-263110', ''),
('43057088', 'Rigoberto Muñoz', '', 7, 23, 111, 'Rivera 2035', '', ''),
('43506145', 'Ivan Enrique Schneider Medina', 'Concesionario', 8, 28, 148, '2 de octubre 127', '72-230188', ''),
('49117353', 'JULIO RENATO RODRIGUEZ', 'Taller', 6, 15, 50, 'AVDA. STA. TERESA 117', '09-918023', ''),
('49990790', 'Luis Velasquez Fuentes', 'Taller', 7, 23, 86, 'Tobalaba 15127', '', ''),
('50791971', 'Ana Castillo', 'Taller', 6, 18, 69, 'Carretera F30E S/N, Rungue. Puchuncavi', '9- 924008', 'repuestocastillo@live.com'),
('51289455', 'Elio Gonzalez', 'Taller', 7, 23, 86, 'Franklin 382', '', ''),
('51891511', 'Jaime Montenegro Cueto', 'Taller', 6, 17, 62, 'Chile 1324,Pob. Campo de deportes', '', ''),
('520029060', 'Francisco Cornejo', 'Taller', 7, 23, 93, 'Santa Genoveva 1560', '7757112', ''),
('5219721K', 'Floridor Seguel', '', 7, 23, 86, '', '', ''),
('53074030', 'Oscar Novoa Salinas', 'Taller', 14, 47, 314, 'Los Almendros 335', '98855675', ''),
('533004539', 'Diaz Sarmiento', 'Taller', 7, 22, 84, 'Pedro Aguierre Cerda 1208', '', ''),
('533022995', 'Jose Navarro y otro', 'Taller', 7, 23, 92, 'Av. Recoleta 3060', '77788535', ''),
('533129706', 'Sucesion Vega', 'Taller', 8, 28, 139, 'Graneros S/N', '89065462', ''),
('53728252', 'Victor Zar Zar Automotriz', 'Serviteca', 10, 35, 199, 'Avda. Ohiggins 626', '(42)23161', ''),
('53734448', 'Celestino Azocar', 'taller', 9, 32, 177, '1 Oriente 593', '(71) 2396', ''),
('54768613', 'Eugenio Plaza', 'Taller', 7, 23, 100, 'Sinfonia', '86283571', ''),
('55538383', 'Leon Antofagasta S.A.', 'Serviteca', 3, 7, 17, 'Bolivar 374', '(55) 5383', ''),
('56851755', 'Hector Custodio Delgado Pardo ', 'Taller', 1, 1, 1, 'Capitan Avalos 2843', '', 'hectordelgadopardo4546@gmail.cl'),
('57244054', 'Juan Carlos Etchegaray Ocaña', 'Taller', 6, 21, 82, 'Avda. Valparaíso n° 1834', '22947044', ''),
('57368098', 'osvaldo Lagos e Hija Ltda.', 'Taller', 10, 35, 199, 'Avda.Ohiggins 1561', '42-224315', ''),
('58451037', 'hernan Dumenes', 'Vulcanizacion', 7, 23, 115, '1 Oriente 5395', '6231407', ''),
('58901474', 'Eduardo Ferri ', 'Taller ', 7, 23, 112, 'Movicenter ', '992548458', 'mjimenez@ferripaldi.cl '),
('59811061', 'Edith Cardenas', 'Taller', 11, 38, 223, 'Ercilla 233', '7-5591987', ''),
('616020000', 'Mop Dirección Vialidad', 'Taler', 10, 35, 199, 'Av Libertad Edificio Publico', '42-242234', 'lisandro.jara@mop.gov.cl'),
('619356004', 'Gendarmeria de Chile ', 'Serviteca', 11, 39, 233, 'Camino a Caillin S/N Cañete', '41-261126', 'walberto1975@gmail.com'),
('619793609', 'Carabineros de Chile zona V Va', 'Fiscal', 6, 18, 65, 'Buenos Aires 750, Valparaiso', '975675479', 'Gabriel.figueroa@carabineros.cl'),
('63631612', 'Jose Manuel Vera', 'Taller', 7, 23, 86, 'Portugal 1480/Pedro Lagos 318', '225566553', 'lomendoza@gmail.com'),
('64629999', 'Manuel H Contreras  Bravo', '', 8, 29, 155, 'Av. Libertad  s/n ', '', ''),
('65033440K', 'Insumos y  Repuestos F y L  Lt', 'Taller', 8, 28, 151, 'Arturo Prat 610', '72-574121', ''),
('65534681', 'Carlos Osorio Perez', 'taller', 9, 34, 195, 'Luis Manriquez 2488', '9-5618676', 'carlos.osorio.perez1@gmail.com'),
('65751224', 'Audocia Albina Murillo Romero', 'Taller', 9, 31, 171, 'Sector el condor , Loteo 12 Camino Quech', '', 'neumafono@gmail.com'),
('65989115', 'Juan Carlos Caceres', 'Vulcanizacion', 7, 25, 123, 'Av Chile 211', '28240178', ''),
('66191230', 'Rafael Helo Hormazabal', 'Serviteca', 6, 16, 54, 'Chacabuco 79', '34-510868', ''),
('68570654', 'Luis Salinas Varela', 'Taller', 7, 25, 123, 'Prieto 186', '8243887', ''),
('690407000', 'Municipalidad de Ovalle', 'Municipalidad', 5, 12, 36, 'Vicuña Mackena 441', '53-562022', 'agonzalez19582009@gmail.com'),
('70082349', 'Nibaldo Valdez Cornejo', 'Taller', 8, 28, 148, 'Alameda 1309', '', ''),
('7024151K', 'Hernan Gutierrez Lagos', 'Servicio Tecnico', 12, 42, 263, 'General Mackena 46 B', '', 'tecnocaucho@hotmail.com'),
('70258331', 'Pedro Noches', 'Taller', 3, 6, 14, 'Av. Bernardo O´higgins 982', '823181', ''),
('70875187', 'Luis Flores Cazon', '', 3, 6, 14, 'Caupolican 1348', '', ''),
('70990571', 'Mario Raul Brown ', '', 15, 49, 328, 'Libertad # 33', '6-8148590', ''),
('71053733', 'Araceli Osses Barrera', 'Taller', 6, 21, 80, 'Palmera Romano Sur 198', '', 'christianjavierp@hotmail.com'),
('7125402k', 'Marta Perez Wolf', 'Taller', 6, 18, 66, 'Variante Agua Santa', '(32)26150', ''),
('71668363', 'Traeger Schwarz Oscar Rolf', 'Serviteca', 15, 49, 328, 'Baquedano 457, Coyaique', '67-223164', 'repuestos@traeger.cl'),
('720120003', 'Univercidad Tecnologica de Chi', 'Univercidad', 3, 6, 14, 'Av. Granaderos 3479', '(55)44002', ''),
('72066286', 'Guillermo Menares', 'Taller', 7, 23, 86, 'Panamericana Km 28', '8-5031667', ''),
('72166345', 'Daniel Pinto Alquinta NEULUB', 'Serviteca', 3, 6, 14, 'Granaderos 1477', '55-343882', ''),
('72239288', 'Eduardo Droguet', 'Taller', 9, 31, 168, 'Ruta H30 3001', '72-466052', ''),
('72266021', 'Mauricio Sube Guzman', 'Comercial', 14, 45, 297, 'Av. 18 de Septiembre Block 20 Dpto.13', '91959964', ''),
('72356454', 'Hector Zamorano Marin', 'Taller', 7, 23, 113, 'Av. 5 de A bril 5064', '3108783', ''),
('727547002', 'Fundación Instituto Profeciona', 'Taller', 7, 24, 118, 'Av. Concha y Toro 1340', '23540900', 'rmatus@duoc.cl'),
('73727693', 'Sara Erica Fuenzalida Araya', 'Serviteca', 4, 9, 24, 'Los Tulipanes 869', '', 'mar.atacama@hotmail.cpm'),
('737407704', 'Train Ltda', 'Trasnporte', 3, 7, 17, 'Estación Prat, ruta 5 norte, km 1394', '9-9918443', 'planificador.mantención@train.cl'),
('7376565k', 'Mario Ramos', 'Taller', 6, 21, 79, 'Troncal 30 Parad. 21', '8-9454308', ''),
('738644496', 'Supermercado del Neumático', 'Serviteca', 7, 23, 86, 'Av. España 72', '2-2463480', 'icarvajal@sdn.cl'),
('744568005', 'Liceo Politecnico de Ovalle', 'Colegio', 5, 12, 36, 'Av Lord Cochrane 451', '53-262629', 'marioopazo@gmail.com'),
('74647634', 'Ezio Berteros Avalos', 'Taller', 6, 17, 60, 'Alberti 329', '33-313608', ''),
('7554622K', 'Miguel Moraga', 'Taller', 6, 18, 67, 'Avda. Con Con 850 Casa 11', '32-281336', 'dondeelmiguevulca@gmail.com'),
('760058246', 'Comercial de La Cruz Ltda', 'Serviteca', 12, 41, 257, 'Chacabuco 495', '45-278302', 'jorge.moya@empresasdelacruz.cl'),
('760059099', 'Comercial Motores de los Andes', 'Concesionario', 7, 23, 94, 'Av Americo Vespucio 1001', '225192236', 'jjarpa@andesmotor.cl'),
('760078913', 'Comercial Ivan Jadue', 'Serviteca', 7, 23, 96, 'Santa Isabel 0251', '6754388', ''),
('760086701', 'Automotriz Portezuelo', 'Concesionario', 7, 23, 87, 'Vitacura 5555', '227505559', ''),
('760091588', 'Comercializadora de Neumaticos', 'Serviteca', 3, 6, 14, 'Arturo Prat 1872', '55-826420', ''),
('760095133', 'Serviteca Haitao Ltda', 'Serviteca', 12, 42, 263, 'Av Caupolican n° 1645', '45-222020', 'haitao.servitec@hotmail.com'),
('760100706', 'Comercial Daher', 'Serviteca', 7, 23, 94, 'Americo Vespucio 0950', '27392744', 'mbugueño@comercialdaher.cl'),
('760103365', 'Neumaton', 'Serviteca', 7, 23, 92, 'Recoleta 3295', '4559623', ''),
('760132349', 'Multiservicio Pulgar', 'Serviteca', 8, 28, 148, 'Ocarrol 1109', '83691619', ''),
('760134864', 'Transportes TruckerMan Ltda', 'Trasnporte', 7, 22, 83, 'Camino  Coquimbo, Parcela 17 S/N', '227453676', 'scortez@truckerman.cl'),
('760170550', 'Neumaservicio Ltda.', 'Serviteca', 3, 7, 17, 'Avda. El Coigue 450', '55-242358', ''),
('760220981', 'Comercial Loncomilla', 'Serviteca', 9, 33, 188, 'Cerrillos 1107', '74304017', ''),
('760223328', 'Car Center  Plaza Oeste Reyes ', 'Carcenter', 7, 23, 117, 'Mall pza. Oeste', '89081706', ''),
('760237639', 'Electronica Hidraulica LTDA', '', 7, 23, 110, 'Calle Chile-España 7936', '225582128', 'rodrigomartinez@electrohidraulica.cl'),
('760243833', 'Salazar Israel', 'Taller', 11, 39, 233, 'Avenida Prat 1099', '93198976', ''),
('760262617', 'Isill Ltda', 'Taller', 7, 23, 93, 'Constantino 583', '22-786362', 'dtecnico@isw.cl'),
('76026814', 'Constructora Astaldi Fe Grande', 'Constructora', 7, 23, 86, 'San Agustin 03541 Par. Puerta Sur', '2702223', ''),
('760268143', 'Constructora Astaldi Fe Grande', 'Serviteca', 7, 25, 121, 'San Agustin 03541 Par. Puerta Sur', '09-871951', ''),
('760274933', 'Sociedad Cobal Ltda', 'Taller', 11, 39, 233, 'Angol 613', '41-291445', 'rfigueroa@socobal.ltda'),
('760285080', 'P y J Servicios Automotriz', 'Taller', 7, 23, 105, 'Av. Las Condes 12145', '22159293', ''),
('760289825', 'Comercial Neumamundo Ltda', 'Serviteca', 8, 28, 148, 'Av Bernardo Ohiggins 909, Rancagua', '9 9440 10', 'davidmarco@neumamundo.cl'),
('760307009', 'Sociedad Comercial Quality Ltd', 'Taller', 7, 23, 86, 'Madrid 1143', '4316318', ''),
('760308438', 'Lubrimas S.A.', 'Serviteca', 7, 23, 86, 'Americo Vespucio 2500 ', '8943207', ''),
('760312263', 'Maha Chile Spa', 'Servicip', 7, 23, 99, 'Carrera Pinto 1869', '229844296', ''),
('760336343', 'Comercializadora Neumaticos Ca', 'Serviteca', 9, 33, 187, 'Av Leon Bustos 1257', '', 'felipe.rath@gmail.com'),
('760364940', 'Vulcanización V y V ', 'Taller', 13, 43, 284, 'Cicunvalación Sur 3080', '94438355', ''),
('760381772', 'CCTI -Comp Chilena Transp Inte', 'Trasnporte', 7, 23, 100, 'Los Agricultores', '227448467', 'msanchez@ccti.cl'),
('760392189', 'Comercial del Real', 'Taller', 8, 28, 148, 'Freire 471', '92572177', ''),
('760401714', 'Sk Logistica Noviciado', 'Automotora', 7, 23, 95, 'Camino el Noviciado S/N  Km 3', '7-1407151', 'c.villar@skberge.cl'),
('760437522', 'Renta Equipos Leasing Ltda.', 'Taller', 7, 23, 95, 'Jose Joaquin Perez 1364', '9245843', ''),
('760446114', 'Comercial Neumann Spa', 'Serviteca', 14, 46, 312, 'Av Gramado n° 700 Puerto Varas', '65 223228', ''),
('760463159', 'Andrés Sepúlveda (Ferreteria T', 'Ferreteria', 7, 23, 107, 'San Francisco 13202', '79882125', ''),
('760466204', 'Comecial España', 'Taller', 9, 31, 168, 'Avda. Colon 943', '', ''),
('760473723', 'Servicio Automotriz C.A.B.A. E', 'Serviteca', 7, 23, 101, 'Avda. Pedro de Valdivia 6221', '2388691', ''),
('760482455', 'Labbe y Moraga Cia.', 'Serviteca', 3, 6, 14, 'Av. Granaderos 3071', '55-319625', ''),
('760498580', 'Alpha Full Service', 'Taller', 7, 23, 86, 'Avda. Las Torres 450', '', ''),
('76052822k', 'Sociedad Comercial J. Vega', 'Vulcanizacion', 8, 28, 148, 'Santa Elena 68', '(72) 4719', ''),
('760545414', 'Comercial Chungara SR Ltda', 'Concesionario', 2, 3, 6, 'Heroes de la Concepción 2555', '42347805', 'sebastian.tapia@comercialchungara.com'),
('760559180', 'Serviteca Lubrishell E.I.R.L', 'Serviteca', 3, 6, 14, 'Av. Grecia N° 3098', '055-23126', 'neumateca.pabloguerra@lubrishell.cl'),
('760567574', 'Mecanica e Ingenieria Baus Tec', 'Taller', 7, 23, 106, 'Calle Diputada Laura Rodriguez 142', '229803725', 'secretaria@baustech.cl'),
('760575585', 'Autocargo comercializadora de ', 'renta car', 7, 23, 117, 'las americas 375', '02-680355', 'j.poblete@circulotoyota.cl'),
('760606979', 'Comercial SS', 'Taller', 8, 28, 148, 'OCarrol 1109', '237036', ''),
('760626376', 'Pamela Garcia E.I.R.L', 'Taller', 6, 18, 65, 'Arturo Gordon 61, Placilla ', '(32)21137', ''),
('760635537', 'Com.Shekina Ltda', 'Serviteca', 7, 23, 94, 'Avenida Las Torrea 304', '22-932084', 'ctapia@shekina.cl'),
('760672157', 'Automecanica Pablo Bravo Ltda', 'Taller', 7, 23, 101, 'Los Olmos 2945', '', ''),
('76068841k', 'Automotriz Forcenter S.A.', 'Concesionario', 7, 23, 99, 'Av. Irarrazabal 1443', '227403335', 'jherrera@forcenter.cl'),
('760690279', 'Inalco Car Service', 'Serviteca', 7, 23, 101, 'Av Quilin 1560, Macul', '9 3256 60', 'ameneses@inalco.cl'),
('76070007K', 'David Moreno', 'Vulcanizacion', 8, 28, 148, 'Illanes 1349', '', 'rvilla@neumori.cl'),
('760723290', 'Sociedad Comercial San Lorenzo', 'Serviteca', 3, 6, 14, 'Granaderos 2971', '55-925360', ''),
('760728233', 'Repuesto y Servicio Automotriz', 'Serviteca', 11, 39, 233, 'Carrera 99, Concepción', '9 9282 70', 'franciscaeconoruedas@gmail.com'),
('760746223', 'Hugo Soto', 'Taller', 9, 33, 188, 'Esquina Blanca 3743', '43-259836', ''),
('760750867', 'CarControl EIRL', 'Serviteca', 7, 25, 121, 'San José de Nos 69', '89147607', ''),
('76076437k', 'Servicios y  Transportes R A L', 'Serviteca', 7, 26, 125, 'El Quillay 213', '', 'raulriveros1@hotmail.com'),
('760776270', 'Comercial BeiBen SPA  (Star Ce', 'Serviteca', 7, 22, 83, 'Presidente Frei Montalva 16777', '227976200', 'margarita@beiben.cl'),
('760820105', 'Automotriz Rupanco Ltda', 'Taller', 8, 28, 148, 'Cuevas n° 23', '72-232083', 'talleralameda@redcitroen.cl'),
('760832014', 'Aviac 1 Spa', 'Taller', 7, 23, 94, 'Parinacota 239 Lo Echevers', '9493481', ''),
('760837679', 'Asesorias y Servicios Innovaxx', 'Servicio Tecnico', 7, 23, 105, 'Av Apoquindo 6410', '2-2864671', 'eimarinb@gmail.com'),
('760841285', 'Comercial y Servicio Fixcar Lt', 'Taller', 7, 23, 86, 'Victor Manuel 2020', '', 'info@fixcar.cl'),
('760841900', 'Comercial Mediterraneo', 'Serviteca', 7, 23, 88, 'Av. Argentina 2014', '5268893', ''),
('760845744', 'Comercial Rep Ltda', 'Taller', 4, 9, 23, 'Ramon Freire 70 ', '52-236656', 'rodrigo.romero@rep-chile.cl'),
('760846406', 'Autojan', 'Taller', 7, 23, 86, 'Avda. Macul 4686', '', ''),
('760847917', 'SYC Spa', 'Servicio Tecnico', 7, 23, 86, '', '66749068', 'cetop.retamal@gmail.com'),
('760855855', 'GFX Reanta Ltda', 'Taller', 5, 11, 30, 'Colo Colo 4446', '', 'abrunel@bodyshopgfx.cl'),
('760886661', 'Neumaticos Manzor Express Spa', 'Servicio Tecnico', 9, 32, 177, 'Av 2 sur 1629', '', ''),
('760901709', 'Local Trafic', 'Taller', 7, 25, 122, 'Alberto Krumm', '8211556', ''),
('760985627', 'Comercial Salinas Cerda y Cia ', 'Taller', 7, 26, 128, 'Los Rulos s/n km 8, Maria Pinto', '228361519', 'copec.mariapinto@hotmail.com'),
('761005421', 'Lubricentro Mycar', 'Lubricentro', 4, 9, 23, 'Av. Copayapu N° 42', '52-244014', ''),
('761033794', 'Transportes Mayser Ltda', 'Serviteca', 3, 6, 14, 'Ramon Freire 2864', '', ''),
('761057131', 'Full Neumaticos', 'Serviteca', 7, 23, 105, 'Av. Las Condes 8628', '22125057', 'ecarrasco@fullneumaticos.cl'),
('761067761', 'Transportes Cornejo', 'Taller', 12, 42, 263, 'Manuel Recabarren 4290', '85025649', ''),
('761115510', 'Comercial Fox Chile', 'Serviteca', 6, 17, 62, '', '', 'comercialfoxchile@gmail.com'),
('761116460', 'Golden Motors', 'Taller', 7, 23, 109, 'Av. Trinidad 99', '78896457', ''),
('761147749', 'Comercial Arreval Ltda.', 'Serviteca', 6, 17, 60, 'Alberdi 2139', '258552', ''),
('76116810K', 'Comercial Ruedas Sotramas Ltda', 'Serviteca', 15, 49, 328, 'Simpson 341', '', 'aquilinofm@hotmail.com'),
('761176951', 'Comercial Carbox', 'Taller', 11, 39, 233, 'Freire 37', '7-7066454', ''),
('761178172', 'Serv Aut Consistorial Ltda ( A', 'Serviteca', 7, 24, 118, 'Av Pajaritos 3051, Maipu', '28759533', 'franklin.fernandez@autopunto.cl'),
('761192000', 'Transportes Schiappacasse', 'Taller', 7, 23, 95, 'Camino Noviciado 702-A', '28878700', ''),
('761202030', 'Sertemeq Ltda', 'Servicio Tecnico', 7, 23, 109, 'Av Walker Martinez 2127', '27913323', ''),
('76123143k', 'Nelly Donaire Olguin', 'Taller', 10, 35, 199, 'Avda. Ohiggins 1561', '42-224315', ''),
('761248235', 'Enduro Motor E.I.R.L', 'Taller', 7, 23, 95, 'Puerto Madero 9710. Pasillo H, Pudahuel', '9 9997 68', 'tallerenduromotor@gmail.com'),
('761249150', 'Hernandez Motores', 'Concesionario', 7, 23, 100, 'Camino Lonquen 8981, Maipu', '600 422 0', 'mclavijo@hmotores.cl'),
('761277413', 'Rojas Car', 'Taller', 5, 11, 31, '25 de Agosto Baquedano', '635136', ''),
('761284118', 'Helo & Maraton Ltda.', 'Serviteca', 6, 15, 50, 'Av. Argentina 211', '91567587', ''),
('761290533', 'Samuel Reyes e Hijos Ltda', 'Taller', 11, 38, 225, 'Julio Hemmelmann 1320', '', 'samureyes@gmail.com'),
('761294024', 'Marco Ratti Sociedad Comercial', 'Taller', 8, 28, 148, 'Ohiggins 234', '', 'joelarmijo@marcoratti.cl'),
('761311646', 'Soc. Com. y Dist Jimenez Bascu', 'Serviteca', 12, 42, 283, 'Anfion Muñoz 417', '45-241323', ''),
('761328204', 'Milla Tires CO Ltda', 'Serviteca', 5, 11, 30, 'Balmaceda 3502, La Serena', '', 'servicioserena@mtc.cl'),
('761363794', 'Automotora Puig', 'Concesionario', 7, 23, 87, 'Tabancura 1375', '23461414', 'nmayorga@puigautos.cl'),
('761372149', 'Soc. Serv. Ind. Las Ventanas P', 'Serviteca', 6, 18, 69, 'Ruta F-30E s/n Sector La Greda', '32-279629', 'nsilva@transportesventana.cl'),
('761388673', 'Repuestos Astudillos', 'Taller', 7, 22, 83, 'Alpatacal 0120-B', '8602068', ''),
('761399195', 'Canadian Lubricants And Servic', 'Taller', 7, 23, 109, 'Av Jose de La Estrella 691', '', ''),
('761483544', 'Servimec', 'Taller', 4, 9, 23, 'Ramon Freire 466', '(52) 3696', ''),
('761523902', 'Automotriz Alameda', 'Serviteca', 8, 28, 148, 'Ohiggins 385', '72-232759', ''),
('761530496', 'Comercial Lubri-Rep Ltda', 'Serviteca', 11, 38, 223, 'Almagro 1330', '43-362561', 'salcedolubrirep@123.cl'),
('761551477', 'Comercial Sol Ltda', 'Serviteca', 4, 9, 25, 'Av Miguel Lemeur 441', '52-329241', ''),
('761573500', 'Asesorias Tornel Paga', 'Serviteca ', 14, 46, 311, 'Calle polpaico 75', '99061857', 'pguerrero@sdn.cl '),
('761685538', 'Automotriz Bilbao Autos S.A', 'Automotora', 14, 45, 297, 'Av Francisco Bilbao 801', '64-225505', 'rcatalan@bilbaoautos.cl'),
('761714732', 'Importadora Neumachin Ltda', 'Serviteca', 11, 38, 223, 'Almagro 1512', '2542255', ''),
('761750208', 'GLI AUTOPARTES', 'Taller', 7, 23, 94, 'Alcalde Guzman 1441', '', ''),
('761784935', 'Porsche Inter Auto Chile SpA', 'Concesionario', 7, 23, 104, 'Raúl Labbe 12509', '26787726', 'esandoval@audi.cl'),
('761817094', 'Sagem Ltda.', 'Lubricentro', 6, 14, 45, 'Camino Interior 1815, El Llano de Rayado', '9-3045010', 'germanojeda@sagem.cl'),
('761836498', 'Servicios y Frenos Ltda', 'Serviteca', 9, 33, 187, 'Lautaro 696', '949433381', 'Servifrenoslinares@gmail.com'),
('761860704', 'Aventura Motors', 'Serviteca', 7, 23, 105, 'Av Francisco Bilbao 4184', '', ''),
('761873253', 'Carcenter Los Angeles', 'Carcenter', 11, 38, 223, 'Av. Alemania 850', '61202070', 'iloncomil@sodimac.cl'),
('761873415', 'Repuestos Hucar Ltda', 'Taller', 11, 40, 246, 'Uribe 345, Cañete', '41 261236', 'ceciliacarrasco123@gmail.com'),
('761881302', 'Mantencion y Servicios', 'Transporte', 7, 23, 103, 'Av. Camino lo Sierra 02302', '8545327', ''),
('761890344', 'Herramientas Y Maquinarias Ltd', 'Ferreteria', 3, 7, 17, 'Nicolas Tirado 128-8', '228394938', 'agajardo@hemaq.cl'),
('76189417k', 'Serv. Automotriz y Lubricentro', 'Taller', 12, 41, 257, 'Chacabuco 490', '(045)7832', ''),
('761952390', 'Comercial Errazuriz Ltda', 'Automotora', 7, 25, 122, 'Longitudinal Sur 3290', '228221182', 'sbrzovic@comercial errazuriz.cl'),
('761962051', 'Procar E.I.R.L', 'Serv Automotriz', 12, 42, 263, 'Av. León Gallo 1171', '45-221492', 'procarchile@gmail.com'),
('761965921', 'Alicom Ltda', 'Serviteca', 7, 23, 86, 'San Ignacio 1815', '25568975', ''),
('762029839', 'Servicio Tecnico Melhuish', 'Concesionario', 7, 23, 105, 'Av. Tomas Moro 771', '', ''),
('762056303', 'Comercializadora de Neumaticos', 'Serviteca ', 7, 23, 94, 'Carretera Gral. San Martin 9360 Bodega ', '996321722', 'operaciones@scnchile.com'),
('762221292', 'Sociedad Comercial ARG Ltda', 'Taller', 4, 9, 23, 'Los Carreras 2982', '2222456', ''),
('762221934', 'Escapes JR ', 'Taller ', 6, 21, 79, 'Av freire 1353 Quilpue ', '997939268', 'jorge.ja.cornejo@gmail.com'),
('762235021', 'Cristian Martinez ', 'Taller', 7, 23, 96, 'Jose Manuel Infante 1709', '222693012', 'tallerinfante@gmail.com'),
('762363550', 'Garage', 'Taller', 8, 28, 148, 'Las Torres 222, Rancagua', '2235910', 'lastorres222@gmail.com'),
('762388405', 'Sociedad Comercial Castillo y ', 'Serviteca', 12, 42, 283, 'Aviador Acevedo 720, Villarica', '45 241 69', 'neumaticosvillarica@live.cl'),
('762400936', 'León Viña del Mar', 'Serviteca', 6, 18, 66, 'Quillota 117, esquina 2 Norte', '2 2580 50', 'a.santander@leon.cl'),
('762433621', 'Comercial y Servicios Antares ', 'Copec', 7, 23, 87, 'Costanera Norte KM 2,5', '78535031', 'osvaldo.rengifo@gmail.com '),
('762440936', 'Leon Viña del Mar S.A', 'Serviteca', 6, 18, 66, 'Quillota 117, esquina 2 Norte', '9 9789065', 'a.santander@leon.cl'),
('762442604', 'Servicentro Piero Depetriz', 'Serviteca', 4, 9, 23, 'Panamericana norte N/N', '', ''),
('762442701', 'Salinas y Fabres SALFA', 'Taller', 5, 11, 30, 'Huanhualí 191 ', '77074083', ''),
('762456907', 'Comercial G y G', 'Serviteca', 5, 11, 30, 'Avda. Fco. De Aguirre 033', '220969', ''),
('762498596', 'Star Center Spa', 'Serviteca', 7, 22, 83, 'Presidente Frei Montalva 16777', '227976200', 'margarita@beiben.cl'),
('762532204', 'Sociedad Automotriz Noack', 'Taller', 7, 23, 96, 'El Aguilucho 3398', '2259275', ''),
('76255142K', 'Inversiones Rentagro Ltda', 'Renta de vehiculos', 8, 28, 141, 'Carretera el Cobre 2521  KM 4  ', '72-237133', 'jiroz@rentagro.cl'),
('762563800', 'Automotora Noack La reina Ltda', 'DyP', 7, 23, 106, 'Los Herreros 8828', '92501915', ''),
('762694190', 'J G Motors E.I.R.L', 'Serviteca', 7, 23, 108, 'Av Santa Rosa 6794', '7-6994704', 'contacto@jg-motors.cl'),
('762703866', 'Servikas', 'Automotora', 7, 23, 106, '', '', ''),
('762708183', 'Servicio Ruedas Ltda', 'Taller', 7, 23, 95, 'San Pablo 2222, Pudahuel', '9-4414405', 'ventas@servicioruedas.cl'),
('762762048', 'Automotriz Oscar Salas', 'Taller', 7, 23, 112, 'Pedro Fontova 6708, Huechuraba', '9 5419 29', 'ksmautoeirl@gmail.com'),
('762849208', 'Volvo Chile spa', 'Consecionaria', 7, 23, 94, 'Lo Echevers 100', '', ''),
('762855283', 'Castillo y Kotesky Ltda', 'Serviteca', 8, 28, 148, 'Freire 315', '59510083', 'frivadeneira@castilloykotesky.cl'),
('762968630', 'Automotriz Portillo Sur Ltda', 'Concesionario', 12, 42, 263, 'O`higgins 333', '', 'apolitis@portillo.cl'),
('763006123', 'Lubricentro y Vulcanización Ca', 'Lubricentro', 12, 42, 268, 'Valle Errázuriz 656', '7-7760475', ''),
('763064417', 'Sociedad Comercial Neumacenter', 'Serviteca', 10, 35, 199, 'Av O´Higgins 329', '42-222356', 'oalbornoz154@hotmail.com'),
('763077624', 'Soc de Serv Mechanics Solution', 'Taller', 4, 9, 23, 'Ramon Freire  466', '51-236966', 'raul.aguilar@mechanicsolutions.cl'),
('763090108', 'Comercializadora Los Ramones L', 'Taller', 6, 18, 69, 'Ruta F-30 E s/n', '32-277125', ''),
('763126773', 'Soc. Forestal y Desarrollo Foj', 'Servicio Tecnico', 7, 23, 105, 'Isabel la Catolica 5225', '222087449', 'oscar.sepulveda@foja.cl'),
('763170640', 'Servicio FJR Ltda', 'Taller', 7, 23, 96, 'Nueva Providencia 1881 Of 1620', '', 'servicios@serviciosfjr.cl'),
('763171205', 'A y S Automotriz', '', 7, 23, 96, '', '', 'rodrigo.araos.leiva@gmail.com'),
('763198863', 'Sociedad Hermanos Pereira S.R.', 'serviteca', 11, 39, 233, 'Serrano 930', '6-6888207', 'ventasservitecapereira@gmail.com'),
('763259358', 'Safe Truck Chile ltda', 'Taller', 4, 9, 23, 'Miguel Gallo 785', '', 'safetruckchile@gmail.com'),
('763313905', 'Comercial Automotriz JPN Ltda', 'Servicio Tecnico', 7, 23, 104, 'Ruben Barrales 1716', '22169441', 'gacuna@jpnautos.cl'),
('763398838', 'Link Service S.A.', 'Taller', 7, 23, 104, 'Padre Alfredo Arteaga Barros 1002, Lo Ba', '72-223572', 'iolivos@ospp.cl'),
('763416011', ' Serviautos E.I.R.L (Carcenter', 'Carcenter', 9, 32, 177, 'Av. Colin 635', '', ''),
('763464407', 'Automotriz Ravera y Cia Ltda', 'Taller', 7, 23, 86, 'Maule 76', '225567790', 'stefano@automotrizravera.cl'),
('763491072', 'Lubricantes David Alejandro Me', 'Taller', 7, 23, 94, 'Av Ohiggins 0175, Quilicura', '9 9228 30', 'gcornejo@ironcar.cl'),
('763508714', 'Anacsa ', 'Taller ', 7, 23, 94, ' SENADOR JAIME GUZMAN 220 ', '9 4861 08', 'manuel.meneses@henkel.com'),
('763519503', 'Sociedad de Servicios Sinplag ', 'Serviteca', 8, 28, 148, 'Lote 2 ruta H30 222, punta de cortes. Ra', '9 8456 19', 'jorge.morales@pangal.cl'),
('763536467', 'Mantenciones Central Spa', 'Taller', 7, 23, 113, 'Joaquin Walker Martinez 2261', '2 2904810', 'fruz@mcentral.cl'),
('763555488', 'Peralta y Sonomi Ltda', 'Taller', 4, 9, 23, 'Miguel Gallo 785', '', 'ventasmovilteck@gmail.com'),
('763598926', 'Importadora y Comercializadora', 'Taller', 7, 23, 105, 'Av El Bosque Norte 42', '2-2789779', 'nkaltwasser@kskgroup.cl'),
('763613739', 'León Concepción S.A', 'Serviteca', 11, 39, 233, 'Freire 37', '72121412', 'lreyes@león.cl'),
('763752208', 'meyerholz y Bravo Ltda.', 'Taller', 7, 23, 112, 'Huechuraba', '', ''),
('763760448', 'Multiservicios SPA', 'Taller', 10, 35, 199, 'Av Ecuador n° 892', '', 'renato.cifuentes@auto7.cl'),
('763762181', 'Abraham Zedan e Hijos', 'Serviteca', 7, 23, 86, 'Camino Chicureo Km 2,8 El Alba Parcela 2', '227597558', 'jefechicureo@azedan.cl'),
('763778037', 'Asvetec Ltda', 'Servicio Tecnico', 3, 7, 17, 'Merced 370', '55-293606', 'asvetec@asvetec.cl'),
('763858669', 'Serv. Integral Automotriz Auto', 'Taller', 10, 35, 199, 'Av Ecuador 522', '42-252465', 'eduardo.venegas@autocheckbiobio.cl'),
('763909859', 'Inversiones San Antonio', 'Serviteca', 4, 9, 23, 'Callejon Bodega BCN 3', '42732284', 'servicios.isa@outlook.com'),
('764004639', 'Distribuidora San Francisco SP', 'Serviteca', 14, 46, 312, 'San Francisco 1221', '652232410', 'omar.pang@gmail.com'),
('764006380', 'Automotriz NeumaStore Ltda', 'Serviteca', 7, 23, 111, 'Escanilla 499, Independencia', '2 2732 38', 'contacto@neumastore.cl'),
('764058402', 'Maos Racing Ltda', 'Serviteca', 7, 23, 86, 'Av Americo Vespucio norte 4043', '', ''),
('76411325K', 'Comecializadora New Equip SPA', 'Venta Equipos', 7, 23, 86, 'Las Azaleas 23 Barrio Las Flores', '9 5094 42', 'placrampe@newequip.cl'),
('764124707', 'Empresas Tad', 'Trasnporte', 6, 18, 67, 'Loteo Industrial Gulmue, lote 23', '32-215880', 'antonio.jimenez@tadchile.cl'),
('764159551', 'Servicios Automotrices Moviles', 'Lubricentro', 7, 23, 106, 'Axel Munthe Pasaje Central 7610', '', 'jbarrientos@chaquihual.com'),
('764203550', 'Importadora Os Performance Par', 'Taller', 12, 42, 263, 'Av Caupolican 761, Temuco', '9-7334 34', 'iolivos@ospp.cl'),
('764256638', 'Empresa de Importación Reinald', 'Taller', 6, 18, 66, 'Camino Internacional Nº 2440', '32-287266', 'reinaldo486@gmail.com'),
('764338707', 'A.P.C. Autos ', 'Taller', 7, 23, 86, 'Vicuña Mackena 1341', '5515320', ''),
('764343239', 'Catalan y Cia Ltda', 'Taller', 7, 23, 91, 'Jorge Irmas 3127', '226469146', 'tallerservicioscatalanwincat@gmail.com'),
('764356969', 'Soc de Serv Automotrices SOS L', 'Taller', 12, 42, 263, 'Manuel Recabarren 4290', '45 225059', 'amartinez@totalcenter.cl'),
('764387945', 'Serv Aut  Roberto Antonio Pasm', 'Taller', 7, 23, 100, 'Av de la Victoria n° 2811', '225675410', 'lubricentrogyp@gmail.com'),
('764428870', 'Imp. Y Com. Leyton Spa', 'Taller ', 7, 23, 86, 'Lira 849 ', '981989440', 'gerencia@leytonautomotriz.cl '),
('764441702', 'Leon Estoril S.A.', 'Serviteca', 7, 23, 105, 'Las Condes 10133', '2151040', ''),
('764584546', 'Comercializadora de Repuestos ', 'Taller ', 8, 29, 161, 'Av Errazuriz 1167, Santa Cruz', '981278359', ''),
('764591062', 'Juan Cuneo Fuentes SPA    ( Ma', 'Automotora', 7, 25, 123, 'Av 18 de Septiembre 967', '', 'felipe.nunez@maclider.cl'),
('764635728', 'Servicio Tecnico Chromo-Car Lt', 'DyP', 5, 11, 30, 'Av Estadio 405', '512212005', 'eperez@chromo-car.cl'),
('764641825', 'Leiton y Araya Ltda', 'DyP', 6, 18, 66, 'Limache 4135, Viña', '982394615', 'leitonyaraya@gmail.com'),
('764737253', 'PSD Group Chile Ltda', 'Servicio Tecnico', 7, 23, 99, 'Diagonal Paraguay 481 dto 141', '226231355', 'rudy.pacheco@psd-groupchile.cl'),
('764790251', 'Importadora Magallanes Ltda', 'Serviteca', 14, 46, 311, 'Parque industrial 381', '65-226326', 'alan@aserpro.cl'),
('764840895', 'Servicio Automotriz Jose Rolan', 'Taller', 6, 21, 82, 'Av  Victoria 0487', '', 'pindex0487@gmail.com'),
('764916565', 'Tecmec SPA', 'Taller ', 7, 23, 92, 'Muñoz Gamero 501', '994916565', 'mperes@euromecanica.cl'),
('76495470K', 'Repuestos y Lubricantes J.M LT', 'Taller ', 8, 28, 140, 'Jose Miguel Carrera 540 ', '993261927', 'repuestosylubricantesjm@hotmail.com'),
('764955870', 'Premium Cars Service S.P.A.', 'Serviteca', 11, 39, 233, 'Paicavi 2005, Concepción', '9-6811285', 'monica.silva@premiumservice.cl'),
('76501606', 'Del Valle Valparaiso EIRL', 'taller', 6, 18, 65, 'Independencia 2309', '2598566', ''),
('765373042', 'Inversiones Mario Alcides Roja', 'Taller', 3, 7, 17, 'Anhidrita 52', '', ''),
('765391806', 'Transalezu EIRL', '', 7, 24, 118, 'Av. Gabriela Poniente 1908', '998712233', ''),
('765418186', 'Serviteva SyR Ltda', 'Serviteca', 8, 28, 140, 'Las Acasias 462 ', '', ''),
('765444500', 'Soc. Comercial Rodacentro Ltda', 'Serviteca', 6, 18, 66, '12 Norte 1298 local 2', '', 'com.rodacentro@vtr.net'),
('765724965', 'Cidef  S.A', ' Automotora', 7, 23, 86, 'Amunategui 178, Santiago', '227307214', 'flevio@cidef.cl'),
('765738873', 'Sergenin Compresores Ltda', 'Servicio', 14, 46, 311, 'Ruta V-629 Senda Sur Km 3,9', '', 'm.araya@sergenin.cl'),
('765781108', 'Guillermo Morales  GMB', 'Taller', 7, 23, 96, 'Salvador 1406, Providencia', '991232221', 'jsatt@guillermomorales.cl '),
('765781168', 'Guillermo Morales  GMB', 'Taller', 7, 23, 86, 'Francisco Bilbao 1127', '29795050', ''),
('765824915', 'Importadora GD Ltda', 'Taller', 7, 23, 113, 'Av Arica 3663', '57-252908', 'gmejias@milestone.cl'),
('765971705', 'Victor Morales Acevedo', '', 7, 23, 113, 'Av. Alberto Hurtado 071', '7999624', ''),
('766147798', 'Todo Neumaticos Ltda', 'Serviteca', 7, 23, 99, 'Diagonal Paraguay 39045', '', 'claudiocricriar@gmail.com'),
('76619401K', 'Plus Industrial', 'Taller ', 14, 46, 311, '', '971085342', 'mantenimientoindustrialrm@gmail.com'),
('766200389', 'ByM E.I.R.L', 'Servicio Tecnico', 5, 12, 36, 'Rafael Ormedo 822', '', 'aortiz.powerlub@gmail.com'),
('76623710k', 'Farias y Carrasco Ltda', 'Taller', 7, 23, 96, 'Pedro de valdivia 3014, Providencia', '', 'fariasycarrasco.f117@gmail.com'),
('766241123', 'Comercialización Mauricio Soto', 'Servicio Tecnico', 7, 24, 118, 'Pedro Nuñez Fernandez 1635 casa 117', '', ''),
('766260268', 'Talleres Mafe Ltda', 'Servicio Tecnico', 14, 46, 311, 'Av Diego Portales 860', '', 'm.araya@talleresmafe.cl'),
('766321070', 'Sergio Vera e  Hijos Ltda', 'Serviteca', 6, 19, 76, 'El Maldroño 715 st 15, Algarrobo', '9 982 243', 'taller.svera@gmail.com'),
('766837506', 'Luis Fernando Ramos', 'Taller', 7, 23, 111, 'Vivaceta 411 / vivaceta 1266', '02-273825', 'ffigueroa@automotrizmafer.cl'),
('766864007', 'Exp Imp y Comercializadora Far', 'Trasnporte', 7, 23, 113, 'San Borja 235', '2-2560 38', 'hmunizaga@centralabast.cl'),
('766872573', 'Servicios Neubat Ltda', 'Taller', 12, 41, 262, 'Covadonga 595', '', 'neu.service.bat@hotmail.com'),
('766925502', 'Diaz y Cia Ltda', 'Lubricentro', 4, 9, 23, 'Av Circunvalación N° 1456', '52-221849', 'fdiazycia@hotmail.com'),
('76697080K', 'Sociedad Comercial Jimenez', '', 12, 42, 283, 'Saturnino Epulef 1308', '45-412833', ''),
('76710247K', 'Comercial San Antonio SPA', 'Serviteca', 4, 9, 23, 'Callejon Bodega BCN 3', '', 'servicios.isa@outlook.com'),
('767161506', 'Compraventa Autom. Victor Toba', 'Compraventa Vehiculos', 7, 23, 89, 'Gran Avenida 4622', '2-4150150', ''),
('767240201', 'Inversiones San Jorge', 'Serviteca', 5, 11, 30, 'Av La Cantera Esquina Ruta 5', '', 'mlillo@tytservicenter.cl'),
('767294093', 'Gicer Servicios Ltda', 'Servicio', 7, 23, 114, 'Gran Avenida 9664, El Bosque', '225273053', 'adm.gicer@gmail.com'),
('767505604', 'Buses Hualpen', 'Trasnporte', 11, 39, 233, 'Arteaga Alemparte 8983', '42-291329', 'nmardones@buseshualpen.cl'),
('767518846', 'Andraca y Commentz Ltda', 'Ferreteria', 7, 23, 96, 'Barros Borgoño 71', '', ''),
('767673906', 'Automotriz Panamericana', 'Taller', 8, 28, 148, 'Avda. Bernardo O´higgins 436', '72-714795', 'recepción@automotrizpanamericana.cl'),
('767688474', 'Sociedad Comercial Segardi Ltd', 'Serviteca ', 8, 28, 151, 'Arturo Prat 623', '9 5829 02', 'segardilimitada@gmail.com'),
('767815800', 'Neuma - Red', 'Serviteca', 11, 39, 233, 'Freire 1', '2229000', ''),
('767815808', 'Neumared S.A.', 'Serviteca', 6, 18, 65, 'Av. Chacabuco 1974', '322223030', 'nmolina@neumared.cl'),
('767818785', 'Full Mecanica ltda', 'Serviteca ', 12, 42, 283, 'Saturnino Epulef 739 ', '968457951', ''),
('767934114', 'WM Servicios S.P.A', 'Serviteca', 7, 23, 86, 'San Ignacio 2544', '2-2357532', 'wmserviciosspa@gmail.com'),
('76810008k', 'Tecnicentro Automotriz.', 'Serviteca', 7, 23, 113, '5 de abril 3485 Esq dolores', '227736198', 'hernan@centroautomotriz.cl'),
('768208360', 'L.B. Servicio', 'Taller', 7, 23, 108, 'Linares 0771, La Granja', '9-7622827', 'lavezzolo.geovanni@gmail.com'),
('768247609', 'car center AYB Car Services Lt', 'Carcenter', 7, 24, 118, 'Av. Concha y Toro 1149', '87397873', 'calfago@hotmail.com'),
('768252750', 'Rueda Stock SPA', 'Serviteca', 9, 32, 177, '6 Norte 1681 con Av Cancha Rayada, Talca', '9 9228 38', 'mauricoalvarez@ruedastock.cl'),
('76839475K', 'Lubricentro Delinos SPA', 'Taller ', 7, 23, 110, '', '957490664', 'lubricentrodelinos@gmail.com'),
('768655103', 'Leon Puerto Montt S.A', 'Serviteca ', 14, 46, 311, 'Diego Portales 1330 ', '652437430', 'robinson@leon.cl'),
('768680893', 'Hagalgal SPA', 'Serviteca', 7, 22, 83, '', '9-8007089', ''),
('76891567', 'Elizabeth Vergara', 'Taller', 7, 23, 94, 'Huiliches 634', '93384197', ''),
('768940509', 'Automotora Gaut SPA', 'Automotora', 7, 23, 96, 'El Aguilucho 3538, Providencia', '2 2421 06', 'claudio.mondaca@citroengaut.cl'),
('76905359K', 'Ram Servicio Automotriz SPA', 'Taller', 7, 23, 101, 'Av Marathon 3267, Macul', '', ''),
('76933422k', 'Soc. Lubricentros Baeza Ltda. ', 'Lubricentro', 6, 21, 80, 'Bueras 252 Limache. ', '966753228', 'lubricentro.baezaltda@gmail.com'),
('769431500', 'Off Road', 'serviteca', 7, 23, 95, 'Av. San Pablo 10200', '227502500', 'hmorales@offroad.cl'),
('769513671', 'Gilabert e Hijos ', 'Taller ', 7, 23, 115, 'Independencia 3060', '227361102', 'gilabert@gilabert.cl '),
('769559507', 'Raul Rodriguez Vigueras y Cia.', 'Taller', 10, 35, 199, 'Collin 400', '41-257069', ''),
('76969906', 'Fermin Luengo', 'Taller', 7, 23, 93, 'Martinez de Rosas 5093', '7744229', ''),
('769703705', 'Gabriel Barbera Construccion y', 'Taller', 4, 9, 23, 'Copayapu 852', '(52)21910', ''),
('76972673K', 'Sociedad Automotriz 4TEC Ltda ', 'Taller ', 7, 23, 105, 'Alsacia 99 ', '981833848', ''),
('769765808', 'Grandleasing Chile Ltda.', 'Serviteca', 3, 7, 17, 'Avda. El coihue 525', '55-530572', ''),
('770086701', 'Comercial Portillo S.A.', '', 7, 23, 99, 'A. Irrarazabal 280', '24491603', 'jmosqueira@portillo.cl'),
('770139643', 'Auto Sanz Spa', 'Taller ', 7, 23, 104, 'Alfredo Arteaga 1675', '954384600', 'jodss1995@gmail.com'),
('770398606', 'Vulcanización y Recauchajes Ma', 'Vulcanizacion', 5, 11, 31, 'Av Los Talleres 1770', '51-223026', 'prominltda@hotmail.com'),
('770522307', 'Sociedad Galbau Ltda', 'lubricentro', 7, 23, 103, 'Ferrocarril 7485', '25640776', 'hans@autogalvez.cl'),
('770573600', 'Automotriz Arauco', 'Concesionario', 14, 45, 297, 'Vicroria 477', '2237693', 'jefetaller@automotrizarauco.cl'),
('770579600', 'Automotriz Arauco', 'Concesionario', 14, 45, 297, 'Vicroria 477', '64-223769', 'cotarola@automotrizarauco.cl'),
('770725704', 'Pirelli Neumaticos Chile Ltda', 'Neumaticos', 7, 23, 105, 'Cerro El Plomo 5420 Oficina 867', '98296873', 'alexis.godoy@pirelli.com'),
('770973902', 'Sociedad Fernando Gomez', 'Serviteca', 11, 39, 233, 'Victor Lamas 135', '41-279555', ''),
('771305407', 'Comercial Gomar Ltda.', 'Serviteca', 8, 28, 148, 'Av. Libertador Bernardo O´higgins 909', '', 'Comercialgomar@gmail.com'),
('771345101', 'Minera Atacama Kozan', 'Taller', 4, 9, 23, 'Parcela los Oliva, pta. Del cobre', '(52)20380', ''),
('771520901', 'Automotriz ASC Ltda.', 'Serviteca', 7, 23, 86, 'Coquimbo', '', ''),
('772056303', 'Comercializadora dee Neumatico', 'Serviteca ', 7, 23, 94, 'Carretera gnral San Martin 9360 ', '228448878', 'krojas@lucasblandford.cl'),
('772114907', 'Lubricantes  Andrades y Sarmie', 'Serviteca', 6, 21, 79, 'Av. Freire 1488', '32-249897', ''),
('772242204', 'Automotriz Klein Ltda', 'Automotora', 14, 46, 311, 'Buin 678', '', ''),
('772380607', 'Rosenberger Sudamerica Ltda', '', 7, 23, 86, 'Aldunate 1961, Santiago', '9 9138145', 'mauricio@rosenberger.cl'),
('773038007', 'Leon y Cia Ltda.', 'Serviteca', 7, 23, 86, 'Irarrazabal 1518', '58005035', ''),
('773092400', 'Comercial Agüero', 'Taller', 14, 45, 297, 'Fundo El Castillo Sitio 1, Parque ind. O', '', 'psanchez@comercialaguero.cl'),
('773128493', 'TECHNICAL SERVICE', 'SERVICIO TÉCNICO AUTOMOTRIZ', 1, 1, 1, 'Los pistachos 2155', '660505005', 'marcelo.gaete@text.cl'),
('773130604', 'Comercial Serpan Econorent', 'Renta de vehiculos', 12, 42, 263, 'Temuco', '(45) 2159', 'sgallardo@econorent.cl'),
('773281807', 'Breinbauer', 'Otros', 7, 23, 113, 'Benedicto XV 378', '7641774', 'jvargas@breinbauer.cl'),
('773311501', 'Manuel Rengifo y Cia Ltda.', 'Copec', 7, 23, 87, 'Costanera Norte KM 2,5', '78535031', ''),
('773375003', 'Distribuidora de Neumaticos de', 'Serviteca', 7, 23, 96, 'Av Francisco Bilbao 1907', '', 'gfuenzalida@dacsa.cl'),
('773587000', 'Comercial Cardebot Ltda.', 'Serviteca', 7, 23, 86, 'Avda. americo Vespucio norte 1155', '9501301', ''),
('773804605', 'Sociedad Automotora', 'Automotora', 8, 29, 160, 'Ohiggins 436', '', ''),
('77386680', 'Caballero y Quintana Ltda.', 'Servicio Tecnico', 6, 18, 66, 'Concepcion C9 casa 7', '32-236592', 'cqltda@gmail.com'),
('773925607', 'Representaciones Exclusivas', 'Taller', 7, 23, 86, 'Santa Isabel 639', '2224053', ''),
('774086900', 'Servimeq', 'Servicio Tecnico', 7, 24, 118, 'Franco Sur 03343', '3184612', ''),
('774352309', 'Neumaticos y Llantas del Pacif', 'Serviteca', 7, 23, 86, '10 de Julio ', '6992667', ''),
('774352391', 'Neumaticos y Llantas del Pacif', 'Serviteca', 7, 23, 86, 'Gran Avenida 6087', '5232536', ''),
('774352399', 'Neumaticos y Llantas del Pacif', 'Serviteca', 7, 23, 86, 'Carlos Salas Herrera 4165', '2-2273449', 'marcelo.gutierrez@ruedas.cl'),
('7752240K', 'Comercial Serrano Ltda', 'Serviteca', 16, 54, 340, 'Av Presidente Manuel Bulnes 0205', '61-221231', 'josebaha76@gmail.com'),
('775237201', 'Serrano Comercial Ltda', 'Serviteca', 7, 23, 86, 'Calle Serrano 30', '22638 241', 'rogerpsv@gmail.com'),
('775400803', 'Joel Falcon', 'Taller', 7, 23, 109, 'Santa Cecilia', '2880908', ''),
('775787730', 'Luis Aroz Sanchez Ltda', 'Serv Automotriz', 7, 25, 122, 'Av Estadio 0120', '9-3351748', ''),
('776656003', 'Comercial Car Devices Ltda', 'Taller', 7, 23, 106, 'Los Torneros 602', '', 'cardevices@gmail.com'),
('77714930K', 'Soc Com AMW Ltda  Neumamerica ', 'Serviteca', 7, 23, 86, 'Bilbao 5845', '229800693', 'rcarrasco@neumamerica.cl'),
('777369806', 'Pits Autos', 'Automotora', 7, 23, 105, 'Av Cristobal Colon 6727,  Las Condes', '2 2212 84', 'ruby.hernandez@pitsautos.cl'),
('77769730K', 'Rio Puelo S.A.', '', 7, 22, 84, '', '', ''),
('777777777', 'Empresa', 'Servicio técnico', 5, 12, 38, 'dsada', '321931', 'test@correo.com'),
('778253806', 'Carvajal y Carvajal Ltda', 'Taller', 4, 9, 23, 'Miguel Gallo 807-A', '052-24052', 'lubricentrocarvajal@gmail.com'),
('778296608', 'Sociedad Comercial Koala Ltda.', 'Serviteca', 7, 23, 96, 'José Manuel Infante 1754', '3419531', ''),
('778353806', 'Sara Erica Fuenzalida', 'Taller', 4, 9, 24, 'Los Tulipanes 869', '', ''),
('778645203', 'Autievre Motors Center Ltda', 'Taller', 7, 23, 112, 'Av Americo Vespucio Norte 1155 L.13 Movi', '26184515', 'nancy@motors.cl'),
('778726009', 'Multi-Service Ltda', 'Taller', 7, 23, 89, 'Segunda Transversal 6355 ', '23114000', 'multiservice@vtr.net'),
('778878003', 'Sociedad Rodriguez y Alvarez', 'Serviteca', 8, 29, 160, 'Ohiggins  436', '98745908', 'carlosz@neumacenter.com'),
('778894300', 'Salazar Hnos. y Cia. Ltda.', 'Serviteca', 3, 7, 17, 'Latorre 3060', '', ''),
('778899102', 'Servicio Patricio Gracia y Cia', 'Automotora', 7, 23, 99, 'Av Irrarrazaval 1154', '23413723', 'administracion@mitsubishigracia.cl'),
('779129306', 'Comercial Frara', 'taller', 7, 23, 110, 'El Parron 272', '25489011', ''),
('779210901', 'SOC. MARIN Y MARTICORENA LTDA.', 'Serviteca', 6, 18, 66, 'UNO NORTE 1527', '32-233020', ''),
('780688300', 'Automotriz Coadig Ltda', 'Serviteca', 9, 31, 168, 'Manzo de Velasco 216, Curico.', '75 231364', 'hector.canales@coadig.cl'),
('780692502', 'Ingenieria de Transporte Javie', 'Transporte', 7, 23, 94, 'Linconyan 9780', '7335065', ''),
('78098600K', 'Fronza', 'Concesionario', 6, 18, 65, 'Hortanecha 2615', '76243128', ''),
('781286109', 'Sociedad de Transportes Charri', 'Trasnporte', 7, 23, 95, 'Av Americo Vespucio 1286', '226175600', 'ccortes@charriot.cl'),
('781487309', 'Automotriz Seneisse Ltda', 'DyP', 7, 23, 86, 'Santa Elena 1471, Santiago', '2 2554 50', ''),
('78186310K', 'Inversiones e Inmobiliaria Sim', 'Taller', 7, 23, 86, 'Madrid 811', '8446311', ''),
('78199460k', 'Grbac y Grbac y Cia Ltda', 'Serviteca', 7, 23, 105, 'Manquehue Sur 1986', '222460539', 'enniogrbac@grbac.cl'),
('782395602', 'Supermercado del Neumático', 'Serviteca', 3, 7, 17, 'Pedro Aguirre Cerda 6965', '55-450626', 'rzuniga@sdn.cl'),
('782582909', 'Osvaldo Lagos e Hija Ltda.', 'Serviteca', 7, 23, 97, 'Avda. Orientales 691', '2278815', 'ninohurtado@vtr.net'),
('78262907', 'Franklin Luis Rivera Latrille', 'Taller', 4, 9, 23, '', '', 'riveralatrille@gmail.com'),
('782631004', 'Amstroms Ltda.', 'Taller', 11, 39, 233, 'Freire S/N', '', ''),
('782695800', 'Soc. Pasten y Bou Ltda.', '', 5, 12, 36, 'Tangue 330', '53-263007', 'pastenybou_11@hotmail.com'),
('783308703', 'Servicio de Mantención de vehi', 'Taller', 7, 23, 86, 'El aguilucho 3449', '2747605', ''),
('784127907', 'Transportes Rioalto', 'Transporte', 8, 28, 151, '21 de mayo 2176', '72-533784', ''),
('784195600', 'Distribuidora de Vehivulo Suzu', 'Serviteca', 6, 18, 66, '5 Oriente 204', '32-257430', ''),
('784533107', 'Auto Impacto Ltda', 'Servicio ', 10, 35, 199, 'Claudio Arrau 1043', '42 222337', 'jrabiev@udd.cl'),
('784629708', 'Comercial La Pampa Ltda', 'Concesionario', 5, 11, 30, 'Jose Manuel Balmaceda S/N', '', 'servicio.lapampa@gmail.com'),
('78475315', 'Sergio Antonio Leiva Troncoso', 'Serviteca', 7, 23, 111, 'Vivaceta 411', '224573486', ''),
('785624602', 'Oictavio Rios', 'Taller', 11, 39, 243, 'Jaime repullo 1424', '41-224091', ''),
('785957105', 'NeumaServicio Ltda Iquique', 'Serviteca', 2, 3, 6, 'Ruta A-16 Esq. Santa Rosa de Molles', '57-249837', 'robertoamadori@neumaservicio.cl'),
('786192404', 'Dacovi Ltda', 'Serviteca', 1, 1, 1, 'Azola 3077', '58-221585', 'dacovi-arica@hotmail.com'),
('786400600', 'Nelub Freire Ltda', 'Taller', 6, 18, 350, 'Av. Freire 995', '31988896', 'nelub995@gmail.com'),
('78649320k', 'Martinez Urrejola', 'Taller', 10, 35, 199, 'Av Collin 788', '42-243702', '');
INSERT INTO `proveedores` (`codigo_proveedor`, `nombre_proveedor`, `giro_proveedor`, `region_proveedor`, `provincia_proveedor`, `comuna_proveedor`, `direccion_proveedor`, `fono_proveedor`, `mail_proveedor`) VALUES
('78703750K', 'Trasportes Ocaña Ltda', 'Trasnporte', 7, 23, 91, 'Av Lo Boza 5902', '22-767984', 'patricio@transportesocaña.cl'),
('787391508', 'Gurovich y Asociados Ltda', 'Taller', 6, 18, 69, 'Ruta F-30E s/n Sector La Greda', '', 'edgardoramirezbaeza@gmail.com'),
('787706304', 'Comercial Automotriz Siglo Xxi', 'Automotora', 6, 16, 54, 'Ohiggis 961', '34-253440', 'ivan.chavez@xxi.cl'),
('787712002', 'Sociedad Inv. El Tesoro Ltda.', '', 7, 23, 86, 'Upsala 357 Of. 163', '', ''),
('787993702', 'Ruiz y Cia Ltda', 'taller', 2, 3, 6, 'Eloy Ramirez  1515', '57-243993', 'jgarciaa@vtr.cl'),
('788187203', 'Soc Comercial Mirador Ltda', 'Taller', 5, 12, 36, 'Vicuña Mackena 975', '53-263191', ''),
('78890590', 'Frenoteca RAVIC', 'Frenos', 6, 19, 72, 'Av. Chile 495', '94354078', ''),
('789006601', 'Grass y Arueste', 'Taller', 7, 23, 99, 'Irarrazabal', '4853030', ''),
('78930802', 'Carlos Rosental', 'Taller', 7, 23, 100, 'Supermercado Monserrat paradero 7 pajari', '96518173', ''),
('789678308', 'Stuardo Ltda', 'Concesionario', 12, 42, 263, 'Carrera 906', '92193152', ''),
('789833907', 'Alfa y Alfa Ltda ', '', 7, 23, 86, 'Departamental 3476', '221-4624', ''),
('79138045', 'Jose Guerra Pizarro', 'Taller', 9, 31, 168, 'Av. Ramon Freire S/N', '99189636', ''),
('79528950k', 'Automotriz Carmona y Cia Ltda', 'Automotora', 5, 11, 30, 'Av Estadio 3610', '', 'serviciotecnico@carmonaycia.cl'),
('795674209', 'Comercializadora Indumotora ', 'Concesionario', 7, 23, 99, 'Av. Vicuña Mackenna 1796', '27226067', 'flavio.ordones@indumotora.cl'),
('795694209', 'Comercializadora Indumotora', 'Concesionario', 7, 23, 104, 'La Dehesa 545', '27226006', ''),
('795752501', 'Ing Automotriz Macias y Cia Lt', 'Automotora', 7, 23, 95, 'Av Americo Vespucio 1256', '232024230', 'glopezm@maciasautos.cl'),
('795822208', 'Transportes Nazar', 'Transporte', 7, 25, 121, 'Av camino lo sierra 02302', '22305350', ''),
('795862005', 'Automotora Sta Maria Ltda ', '', 9, 32, 177, 'Dos Oriente # 1759 ', '71-232019', ''),
('795874100', 'Automotriz Miranda', 'Concesionario', 3, 7, 17, 'Buenos Aires 430', '73326783', ''),
('796093307', 'Soc. de Repuestos Radal', 'Taller', 3, 7, 17, 'Buenos Aires 430', '55-251028', ''),
('796384301', 'Andinor', 'Taller', 7, 22, 83, 'Av. Eduardo Frei Montalva 18001', '7193812', ''),
('79649140K', 'Automotores Gildemeister', 'Taller', 7, 23, 117, 'Pedro Aguirre Cerda', '9 9620 42', 'mdevia@gildemeister.cl'),
('796499702', 'Servimaq S.A.', 'Servicio Tecnico', 14, 45, 297, '', '', 'cfritz@servimaq.cl'),
('796829109', 'Jmc Autos Ltda.', 'Transporte', 8, 28, 148, 'Carretera Eduardo Frei Montalva 340', '72-210483', ''),
('796917407', 'Automotora Alameda Ltda', 'Automotora', 8, 29, 160, 'Av Bernardo Ohiggins 999', '42-889415', 'luis.rubio@automotora alameda.cl'),
('797353604', 'Inversiones Automotrices ltda', 'renta car', 7, 23, 106, 'Av Ossa 2127', '22776726', ''),
('797806005', 'Cidef Comercial S.A', ' Automotora', 3, 7, 17, 'Sargento Aldea 335', '55-222636', 'mparra@cidef.cl'),
('798008105', 'Automotora Vega Artus Ltda', 'Automotora', 8, 28, 148, 'Av Miguel Ramirez 230 Lote A1', '72-218899', ''),
('798021605', 'Import Service Casanova ', 'Subdistribuidor ', 7, 23, 86, 'MATUCANA 24-A', '', 'cae@casanova.cl '),
('798397109', 'Felipe De Hekereen Automotriz', 'Serviteca', 7, 23, 87, 'Vitacura 9566', '2298350', ''),
('79853470k', 'Automotriz Cordillera S.A', 'Concesionario', 11, 39, 233, 'Av. Paicavi 2592', '8-4790664', ''),
('798627503', 'Transporte CCU ', '', 7, 23, 115, 'Panamericana Norte 8000', '952076809', 'aabravo@ccu.cl '),
('798734202', 'Sociedad Fernando Gomez', 'Serviteca', 11, 39, 233, 'Paicavi 2258', '', 'nrobles@fernandogomez.cl'),
('799177609', ' AyR ltda', 'Serviteca', 6, 18, 66, '13 Norte1269', '32-248202', 'jpenroz@ayrautomotriz.cl'),
('799215608', 'Automotriz Portillo S.A.', 'Concesionario', 7, 23, 112, 'Av. Americo Vespucio 095, Huechuraba ', '2 2463 73', 'grojas@portillo.cl'),
('799517000', 'Necsa Comercial S.A.', 'Neumaticos', 5, 11, 30, 'California 882', '22-460723', 'abudconstanza@la-bridgestone.com'),
('799547708', 'Automoviles Chamy Hnos y Cia .', 'Automotora', 7, 23, 99, 'Av Irarrazaval 2223', '22-204282', 'repuestos@chamyhnos.cl'),
('799955202', 'Soc Comercial San Jorge', 'Serviteca', 16, 54, 340, 'Angamos 568', '61-224726', 'cmansilla@sanjorgeonline.com'),
('803147000', 'Empresa de Transportes Rurales', 'Trasnporte', 7, 23, 113, 'Jesus Diez Martinez 800', '', 'miguel.cares@turbus.cl'),
('805229004', 'kovacs y cia', 'concesionario', 7, 23, 96, 'seminario 385', '26379800', '995703414'),
('805373008', 'Larrain y Valdes Ltda.', 'Automotora', 7, 23, 86, 'Avda. Vic. Mackenna 357', '3313700', ''),
('80643632', 'Jaime Escudero Acosta', 'Taller', 3, 7, 17, 'El Roble 7181', '55-223565', 'j.escudero56@gmail.com'),
('80662599', 'Ana Maria Umaña', 'Vulcanizacion', 6, 18, 66, '', '', 'anamariauma@hotmail.cl'),
('80930178', 'Serv. Integrales Mecanica Mult', 'Taller', 7, 23, 110, 'Brisas del maipo 0146', '', 'ceciliasalazar@mcsa.cl'),
('809865002', 'Triggs S.A', 'Serviteca', 9, 31, 168, 'Av Alessandri 2000', '75-238500', 'pdiaz@fisterra.cl'),
('811984000', 'Inalco S.A.', 'Concesionario', 7, 23, 105, 'Cerro Colorado 5413', '228349086', 'msotelo@inalco.cl'),
('812642006', 'Ferrimex', 'taller', 4, 9, 23, 'Los Carreras 2982', '77682052', 'vmunoz@ferrimex.cl'),
('813187000', 'Pompeyo Carrasco', 'Automotora', 7, 23, 86, 'Camino Melipilla 11585', '4106568', 'jorge.duran@pompeyo.cl'),
('815451007', 'Cruciani y Compañía Ltda', 'Taller', 6, 18, 66, 'Av 1 Norte 3750', '32-284985', 'servicios@cruciani.cl'),
('816056002', 'Abraham Zedan e Hijos', 'Serviteca', 7, 23, 86, 'Local  10 de Julio 1404', '9 9330 93', 'jefe10dejulio@azedan.cl'),
('816056004', 'Abraham Zedan e Hijos', 'Serviteca', 7, 23, 100, 'Silva Carballo 1414', '9 9633 70', 'jefemaipu@azedan.cl'),
('820672003', 'Instituto de Educacion Rural', 'Univercidad', 7, 23, 86, 'San Francisco 199', '', ''),
('821206006', 'Recasur Ltda.', 'Taller', 15, 49, 328, 'Baquedano 131 ', '96707119', ''),
('822156002', 'Insamar', 'Serviteca', 6, 18, 65, 'Av.Tupungato 3580', '32-229424', ''),
('8242430k', 'Maria Ester Geofroy Martinez', 'Taller', 6, 21, 82, 'Segundo de Linea 2217', '3188770', ''),
('826773006', 'Organización Europea para la I', 'Observatorio', 3, 6, 14, 'Alonso de Cordova 3107, Vitacura', '', 'Horacio.lopez@alma.cl'),
('826845007', 'Jaime Ferrer y Cia Ltda.', 'Serviteca', 7, 27, 134, 'Leonardo Phillips 721', '8151224', ''),
('828675001', 'Tecnicentro Sierra Ltda.', 'taller', 7, 23, 93, 'Coronel Robles 1468', '227730705', 'gvega@tecnicentro.cl'),
('82923446', 'Luis Fuentes Paredes', 'Taller', 9, 33, 187, 'Camino Palmavida Km 7', '73-219353', ''),
('829957000', 'Derco S.A.', 'Automotora', 7, 23, 117, 'Av. Americo Vespucio 1501 (Mall Pza Oest', '9 9633 72', 'gerardocastillo@derco.cl'),
('833668005', 'Antonio Castillo S.A.', 'Automotora', 9, 32, 177, 'Av 1 Norte 2265', '71-224146', 'servicio.talca@autocastillo.cl'),
('835471004', 'Auto Rentas del Pacifico S.A.', 'Renta de vehiculos', 7, 23, 95, 'Avda. Americo Vespucio 1199-8', '3608766', ''),
('835471006', 'Autorentas del Pacifico (Hertz', 'Renta de vehiculos', 7, 23, 94, 'Americo Vespucio 1601', '223608677', ''),
('83827432', 'Geraldo Alcayaga', 'Estación de servicio', 5, 13, 41, ' Av. Presidente Allende s/n', '89189760', 'geraldalca@gmail.com'),
('83842916', 'Isabel diaz Arena', 'Taller', 8, 28, 150, 'El Abra 10', '551794', ''),
('83858133', 'Manuel Castro Alvarez', 'Serviteca', 9, 31, 168, 'Av. Freire 561', '75-326861', ''),
('842656001', 'Comercial Pio Nono Ltda.', 'Serviteca', 12, 42, 263, 'Rudecindo Ortega 01340', '229649156', 'rfernandez@pionono.cl'),
('84324884', 'Cristina Quispe Galvez', 'Serviteca', 3, 6, 14, 'Maipu 2813', '92266172', ''),
('84650803', 'Bernardo Aravena', 'Taller', 6, 18, 66, 'Calle Servicio 16 Agua Santa 16', '32-261627', ''),
('84800856', 'Luis Hernan Ferrada Garrido (S', 'Luis Ferrada', 6, 17, 60, 'Av 21 de Mayo 404', '033-22561', 'servitecaferrada@gmail.com'),
('848072001', 'Bruno Fritsch', 'Concesionario', 11, 39, 233, 'San Martin 73', '41-240529', 'gzapata@brunofritsch.cl'),
('848311006', 'Comercial Artigues', 'serviteca', 5, 12, 36, 'benavente 780', '6-8487315', ''),
('848797006', 'Derco Center Aspillaga Hornaue', 'DercoCenter', 6, 18, 66, 'Quillota 766 - 795', '322769444', 'rgallardo@aspillagahornauer.cl '),
('849168002', 'Callegari e hijos Ltda.', 'Taller', 5, 11, 30, 'El Santo 1695', '(51)22619', ''),
('851211004', 'Antumalal', 'Taller', 10, 35, 199, 'Carrera 515', '9 7706 80', 'playa1@antumalal.net'),
('85184600K', 'Cruz y Cia Ltda', 'Serviteca', 11, 39, 243, 'Ohiggins 313 Pob Santa Leonor', '41-241723', 'rubenvalverde@cruzycia.cl'),
('852087005', 'Renta Equipos Leasing Ltda.', 'Renta de vehiculos', 8, 28, 148, 'Manuel Montt 1848, Rancagua', '84742146', ''),
('85256900k', 'Kaizen Automotriz', 'Taller', 7, 23, 86, 'San Francisco 1433, Santiago', '9-9357085', 'kza@kza.cl'),
('852741007', 'Red Barrera', 'Serviteca', 6, 18, 66, 'San Antonio 950', '32-254375', ''),
('852757000', 'Arrimaq S.A.', 'Taller', 7, 25, 121, 'Santa Margarita 01870', '3829700', ''),
('852941007', 'Distribuidora Barrera y Cia ', 'Serviteca', 6, 16, 54, 'Yungay 369', '34-234372', 'esteban.mercurino@redbarrera.cl'),
('85316869', 'Eduardo Figueroa', 'Taller', 7, 23, 95, 'Luis Beltran 1005', '6452649', ''),
('85673211', 'Elizabeth Riveros', 'Taller', 7, 23, 86, 'Bulnes 1470 Local A-25 y A-26', '6579162', ''),
('856746003', 'Autocentro Nicolas Copiapo', 'Taller', 4, 9, 23, 'Calle Chacabuco 725', '7-3366557', ''),
('857510003', 'Servicios Forestales y Comerci', 'Serv Forestales', 11, 39, 233, 'Callejon Puchacay 286', '41-292990', 'rodrigo.contreras@serfocol.cl'),
('858658004', 'Hernan Toirkens y Cia Ltda', 'Taller', 14, 46, 307, 'Los Carreras 1760', '65-242138', 'javier@toirkens.cl'),
('85879928', 'Rene Vasquez Olivera ', 'Taller', 14, 45, 297, '', '', 'rubenchacon@gmail.com'),
('85998919', 'Luis Monsalve', 'Taller', 6, 18, 70, 'Diego Portales S/N', '', ''),
('861931005', 'Ovalle Hermanos Ltda', 'Concesionario', 7, 23, 92, 'Bellavista 71', '2-2713120', 'za@ovallehnos.cl'),
('862087005', 'Renta Equipos Leasing Ltda.', 'Renta de vehiculos', 11, 39, 233, 'O´Higgins 265', '41-246924', 'mauricio.arriagada@relsa.cl'),
('863855004', 'Comercial Anfruns Y cía. Ltda.', 'Serviteca', 8, 28, 148, 'Baquedano 12', '72-230001', ''),
('865190001', 'Maritano y Ebensperger', 'Concesionario', 11, 39, 233, 'Av. Paicavi 2340', '41-210514', ''),
('86519000k', 'Maritano y Ebensperger', 'Taller', 11, 39, 233, 'Maipu 1135', '(41)21051', ''),
('866001002', 'Metalurgica Industrial Tobalab', 'Metalurgica', 7, 23, 106, 'Av  Los Herreros 8582', '2-2273 19', 'compras@mit.cl'),
('866010005', 'Ponce y Licci', 'Transporte', 7, 22, 84, 'Av. Pdte. E. Frei Montalva 18020', '', 'agame@ponceylicci.cl'),
('86629623', 'Asimpro', 'Taller', 7, 23, 86, '', '7447535', 'francisco_lopez@asimpros.cl '),
('86674122', 'RyH Lubricentro', 'Serviteca', 11, 39, 233, 'Lautaro 1910, Barrio Norte', '', 'ryhlubricentro@gmail.com'),
('867084002', 'Pompeyo Carrasco', 'Serviteca', 7, 23, 86, 'Camino Melipilla 11585', '62099887', 'ignacio.satt@pompeyo.cl'),
('868363002', 'Romanini Laca y Cia Ltda.', 'Taller', 7, 26, 125, 'Valdez 669', '', 'mgonzalez@romaninilaca.cl'),
('868553006', 'Riosan Compañía Ltda.', 'Taller', 11, 39, 243, 'Jaime Repullo 1424', '', 'salvador.navarro@riosan.cl'),
('868689005', 'Roman Avalos Gaete', '', 7, 23, 86, 'Jose Joaquin de Mora 2022', '95498360', ''),
('87413977', 'Centro Servicios Limahue', 'Taller', 7, 23, 109, 'Av Vicuña Mackena 11488, La Florida', '2-2288328', 'centroservicioslimahe@gmail.com'),
('878318005', 'Automotriz Val', 'Taller', 1, 1, 1, 'Paula Jaraquemada 12131', '(58) 5833', ''),
('881476002', 'Etx', 'serviteca', 7, 23, 103, 'Avda. Lo Espejo N°04400, Lo Espejo', '973081477', 'ihevia@etx.cl'),
('882552004', 'Vladimir Vaccaro', 'taller', 7, 23, 86, 'Porvenir 427', '2226848', ''),
('885029000', 'BatChile S.A.', 'Taller', 7, 23, 117, 'Av Suiza 244 ', '224646151', 'claudio.lopez@bat.com'),
('885256007', 'Sergio Escobar', 'Taller', 11, 39, 233, 'Paicavi 2613', '77669538', ''),
('890266002', 'Tecnologia de Transportes y Mi', 'Minera', 7, 23, 86, 'Avda. El Arrayan 1306', '6805917', 'fpoblete@ttmchile.cl'),
('891102003', 'Servicios Automotrices Ansa Lt', 'Taller', 7, 23, 86, 'Carmen 641', '', 'andres.cunill@ansaautomotriz.cl'),
('891350007', 'First Renta Car', 'Renta de vehiculos', 7, 23, 86, 'Tocornal 626', '22229603', 'grecomeza@firstrentacar.cl'),
('892128006', 'Omar Angermeyer y Cia Ltda', 'Serviteca', 14, 46, 312, 'San Francisco 1206', '65-223241', 'omarpang@gmail.com'),
('894605006', 'Automotora Arauco', 'Automotora', 9, 32, 177, 'Av. San Miguel 3385', '71-240335', ''),
('896056004', 'Abraham Zedan e Hijos', 'Serviteca', 6, 18, 348, 'Av.Edmundo Eluchans # 1850', '2830541', ''),
('897664003', 'Bacon Chile', 'Taller', 13, 43, 284, 'Marino Lobera 180', '63-204810', ''),
('897774003', 'Comercial SP Ltda', 'Taller', 7, 23, 96, 'Seminario 665', '', 'ventas@cmercialsp.cl'),
('898210006', 'Valenzuela Delarze ', 'Automotora', 7, 23, 87, 'Padre Hurtado 1580', '9-9870789', 'egutierrez@valenzueladelarze.cl'),
('89881935', 'PEDRO JARAMILLO', 'Taller', 6, 18, 66, 'TOBOLARI 358', '9-0113936', ''),
('898964000', 'Comercial Antivero Ltda', 'Taller', 8, 29, 160, 'Longuitudinal Sur KM 135, San Fernando', '(9) 68451', 'rvaraslabbe@gmail.com '),
('90386212', 'Rebeca Wilson', 'Taller', 7, 23, 86, 'Santa Raquel 8411', '78228675', ''),
('90647555', 'Patricio Angulo Escobar', 'Taller', 13, 43, 284, 'Clemente Escobar 939', '96455199', ''),
('911390000', 'Coseche S.A.', 'Automotora', 7, 23, 101, 'Vicuña Mackena 3500, Macul', '2-2595380', 'gabriel.leon@coseche.com'),
('911590000', 'Coseche S.A.', 'Serviteca', 7, 23, 104, 'Av La Dehesa 1965, Lo Barnechea', '225953940', 'daniel.latorre@coseche.com'),
('915020003', 'Salinas y Fabres SALFA', 'Taller', 11, 39, 243, 'Americo Vespucio 869', '2269140', ''),
('91877902', 'Juan Palma', 'Taller', 10, 35, 199, 'A. Varas 456', '97740588', ''),
('9218871k', 'Alex Eduardo Beas', 'Taller', 7, 23, 86, 'La Estrella 1430', '99314566', ''),
('924750006', 'Comercial Kaufmann S.A', 'Automotora', 7, 23, 113, 'Av Gladys Marin 5830', '27202000', 'dinfante@kaufmann.cl'),
('92529195', 'Miguel Iturra S.', 'Taller', 7, 23, 86, 'Avda. Vicuña Mackenna 8290', '', ''),
('926060007', 'Servicios Lucas Blandford S.A', 'Servicio Tecnico', 7, 23, 115, 'Av Panamericana norte 5305', '25809000', 'eflores@lucasblandford.cl'),
('92707202', 'Alex Cabello Saez', 'taller', 7, 23, 110, 'Fernandez Albano 62', '25580915', 'ventas@acresorte.cl'),
('929090004', 'Curifor', 'Automotora', 5, 11, 31, 'Ruta 5 Norte KM 461 n° 1700, Coquimbo', '51 232 68', 'acalderon@curifor.com'),
('931410008', 'Lureye', 'Servicio', 7, 23, 86, 'Av Vicuña Mackena 1503, Santiago', '2 2897 51', 'eliana.mora@lureye.cl '),
('932170000', 'Indumotora One', 'Concesionario', 7, 23, 95, 'Claudio Arrau 8600', '50935389', 'angel.poblete@indumotora.cl'),
('93323033', 'Joel Alexis Navarrete vidal', 'taller', 10, 35, 199, 'Palermo 497', '68474457', 'joeltr27@hotmail.com'),
('933523305', 'Covalsa S.A.', 'Automotora', 5, 11, 30, 'Av Balmaceda 2391', '51-221707', 'hcontreras@covalsa.cl'),
('934350006', 'Citroen Chile SAC', 'Automotora', 7, 23, 86, 'Bellavista 0790', '25839045', ''),
('935150000', 'General Motors Chile', 'Fabrica', 7, 23, 112, 'Avda. A. Vespucio 811', '9-7334394', ''),
('935450004', 'Geotec Boyles Bros S.A.', 'Otros', 7, 23, 94, 'Av. Lo Campino 432', '25773334', 'imartinez@geotec.cl'),
('93600762', 'Luis Yañez Chamorro', '', 7, 23, 97, 'Laguna San Pedro 1526', '2792394', ''),
('936880002', 'Automotora Salfa Sur Ltda', 'Serviteca', 13, 44, 292, 'Augusto Grub 895', '64-322171', ''),
('93817605', 'Leopoldo Guzman Avila (Vulcani', 'Vulcanizacion', 7, 23, 92, 'Recoleta 6082', '', 'carolaineisabel@gmail.com'),
('941410006', 'Derco S.A.', 'Consecionaria', 7, 23, 86, 'Americo Vespucio 1842', '', ''),
('944330003', 'Automotriz Portezuelo', 'Taller', 7, 23, 106, 'Av Francisco Bilbao 5541', '', ''),
('95316611', 'Guillermo Diaz Palta', 'Taller', 5, 12, 36, 'Laura Pizarro s/n', '92604081', ''),
('962330002', 'Maco Industrial Y Comercial S.', 'Serviteca', 7, 23, 104, 'Ruber Barrales 1716', '', ''),
('96430833', 'Raquel Jara Olea', 'Taller', 9, 33, 190, 'Certenejas 155', '92433239', ''),
('964350006', 'Citroen Chile SAC', 'Automotora', 7, 23, 86, 'Cardenal Caro 2635 ', '225839260', 'cromero@citroen.cl'),
('965018409', 'Pelp Internacional S.A', 'Equipamiento Taller', 7, 23, 112, 'eL Rosal 4560', '2-2870436', 'mfigueroa@pelp.cl'),
('965569405', 'Proveedores Industriales Prisa', 'Trasnporte', 7, 23, 117, 'Las Rosas 5757', '28206037', 'lflorezr@prisa.cl'),
('965655808', 'Cia. E leasing Tattersall S.A.', 'Renta de vehiculos', 7, 23, 95, 'Avda. Americo Vespucio 1373', '225983336', 'cdecamino@tattersall.cl'),
('965723609', 'Comercial Kaufmann S.A', 'Concesionario', 7, 23, 105, 'Napoleón 3275', '2-2720128', 'jorgeramirez@kaufmann.cl'),
('96597220k', 'Comercial Dumay S.A', 'Concesionario', 7, 23, 87, 'Vitacura 3668', '27982700', ''),
('966618205', 'Automotriz Copelec', 'Concesionario', 10, 35, 199, 'Independencia 739, Chillán', '9-8505054', 'irocha@comercialcopelec.cl'),
('966954205', 'Williamson Balfour Motors', 'Automotora', 7, 23, 104, 'La Dehesa n° 265', '', 'imaraboli@inchcape.cl'),
('96703360k', 'Williamson Balfour Motors', 'Automotora', 7, 23, 104, 'La Dehesa n° 265', '', ''),
('967895202', 'Comercial Agricola Ferosor', 'Serviteca', 14, 45, 297, 'Los Carreras 643', '64-269200', 'neumaticos@ferosor.cl'),
('96792430k', 'Carcenter Iquique', 'Carcenter', 2, 3, 6, 'Av Heroes de la Concepción 2311 ', '65315609', ''),
('967947504', 'Avant Servicios Integrales S.A', 'Serviteca', 7, 23, 91, 'Panamericana norte  4470', '53633558', 'jgonzalez@caren.cl'),
('968009508', 'Kal tire', 'Recauchadora', 10, 35, 199, 'Km. 4/2 Panamericana Sur ', '', ''),
('968105507', 'Cantares de Chile S.A.', '', 7, 23, 86, 'Brasil 8775', '', ''),
('96828810', 'Consorcio Santa Marta', 'taller', 7, 25, 121, 'General Velasquez 8990', '25921236', 'marcelo.gutierrez@csmarta.cl'),
('968431404', 'Distribuidora Cummins Chile S.', 'Distribuidora', 3, 7, 17, 'Av Pedro Aguirre Cerda # 6015', '55-257642', 'armando.olea@cummins.cl'),
('968495402', 'Transportes Vigal S.A.', 'Trasnporte', 6, 18, 67, 'Barrio Industrial 1 Las Higueras Lote 6 ', '', 'gdiaz@vigal.cl'),
('968660802', 'Promotors S.A.', 'Automotora', 7, 23, 99, 'Av Irarrazaval 1195, Ñuñoa', '9 9437 71', 'djimenez@anfrunsmotors.cl'),
('968894404', 'Circulo Autos Mediterraneo Aut', 'Servicio Tecnico', 7, 23, 96, 'seminario 115', '22228915', ''),
('968991000', 'Ditec Automoviles S.A', 'Concesionario', 7, 23, 104, 'Jose Alcalde  Delano 10461', '25447315', 'mquezada@ditecautomoviles.cl'),
('969183005', 'Difor Chile Ltda.', 'Taller', 7, 23, 105, 'Av. Las condes 8744', '23276218', ''),
('969244008', 'AutoSummit  Chile S.A.', 'Taller', 7, 23, 106, 'Av Francisco Bilbao 3939', '26203020', 'fcelis@autosummit.cl'),
('96926693', 'Juan Carlos Gallardo Miranda', 'Taller', 14, 46, 311, 'La Unión 353', '65-227312', 'lucasautospm@gmail.com'),
('969285304', 'Comercial Automotriz S.A.  SK ', 'Comercial', 7, 23, 86, 'Av Santa Isabel 360 / Argomedo 357', '228371614', ''),
('969748606', 'Leon y Compañía Ltda', 'Serviteca', 7, 23, 105, 'Cristobal Colon 6640', '5805025', ''),
('977056804', 'Chiprodal Bolson S.A.', 'Taller', 11, 38, 223, 'Laguna Laja 1230, Los Angeles', '9 6586 27', 'manuelavelloa@hotmail.com'),
('98161945', 'Ivan Rocha Mergarejo', 'Taller', 10, 35, 199, 'Independencia 354', '', 'ivanrocha@servikiachillan.cl'),
('98718788', 'Juan Parraguez', 'Taller', 8, 29, 160, 'Cancha Rayada 757', '712182', ''),
('99244984', 'Hector Garrido Sepúlveda', 'Taller', 9, 32, 177, '12 Sur con 6 Oriente', '68479241', ''),
('995251000', 'Gama Leasing', 'Automotora', 7, 23, 95, 'Av Americo Vespucio Norte Express 1300 ', '2-2757447', 'enrique.mesias@gamaleasing.cl'),
('995285401', 'Nuevos S.A', 'Automotora', 7, 25, 121, 'Av Jorge Alessandri 20040', '9-6601781', 'sergioa017@gmail.com'),
('995285606', 'Serprocar s.a.', '', 5, 12, 36, 'Chorrillos 89', '313314', ''),
('995547007', 'Subus Chile S.A ', 'Transporte', 7, 23, 112, 'Recoleta 5203', '79687146', 'julio.goffard@subuschile.cl'),
('995666103', 'Ruedas Cordilleras', 'Serviteca', 6, 15, 50, 'Calle Santa Teresa 25', '96303900', ''),
('995754703', 'Servicios Industriales Minardi', '', 6, 15, 50, 'Av. Argentina Oriente 131', '34-344373', ''),
('995992000', 'DECAR', 'Taller ', 12, 42, 263, 'Ohiggins 302 ', '965650071', 'rolate@automovilesdecar.cl'),
('COMER', 'Soc. Com. Amw Ltda. ( Neumamer', 'Serviteca', 7, 23, 111, 'Gamero 2109', ' 2 2891-6', 'lmalebran@neumamerica.cl'),
('NR', 'Patagonia', 'Taller', 14, 46, 311, 'Puerto Montt', '(65) 3834', ''),
(' 76498801', 'Inversiones San Alfonso Ltda', 'Taller', 6, 15, 50, '', '', 'alejandro.rodriguez.salinas@gmail.com');

-- --------------------------------------------------------

--
-- Estructura de tabla para la tabla `provincias`
--

CREATE TABLE `provincias` (
  `id` int(11) NOT NULL,
  `provincia` varchar(64) NOT NULL,
  `region_id` int(11) NOT NULL
) ENGINE=InnoDB DEFAULT CHARSET=utf8;

--
-- Volcado de datos para la tabla `provincias`
--

INSERT INTO `provincias` (`id`, `provincia`, `region_id`) VALUES
(1, 'Arica', 1),
(2, 'Parinacota', 1),
(3, 'Iquique', 2),
(4, 'El Tamarugal', 2),
(5, 'Tocopilla', 3),
(6, 'El Loa', 3),
(7, 'Antofagasta', 3),
(8, 'Chañaral', 4),
(9, 'Copiapó', 4),
(10, 'Huasco', 4),
(11, 'Elqui', 5),
(12, 'Limarí', 5),
(13, 'Choapa', 5),
(14, 'Petorca', 6),
(15, 'Los Andes', 6),
(16, 'San Felipe de Aconcagua', 6),
(17, 'Quillota', 6),
(18, 'Valparaiso', 6),
(19, 'San Antonio', 6),
(20, 'Isla de Pascua', 6),
(21, 'Marga Marga', 6),
(22, 'Chacabuco', 7),
(23, 'Santiago', 7),
(24, 'Cordillera', 7),
(25, 'Maipo', 7),
(26, 'Melipilla', 7),
(27, 'Talagante', 7),
(28, 'Cachapoal', 8),
(29, 'Colchagua', 8),
(30, 'Cardenal Caro', 8),
(31, 'Curicó', 9),
(32, 'Talca', 9),
(33, 'Linares', 9),
(34, 'Cauquenes', 9),
(35, 'Diguillín', 10),
(36, 'Itata', 10),
(37, 'Punilla', 10),
(38, 'Bio Bío', 11),
(39, 'Concepción', 11),
(40, 'Arauco', 11),
(41, 'Malleco', 12),
(42, 'Cautín', 12),
(43, 'Valdivia', 13),
(44, 'Ranco', 13),
(45, 'Osorno', 14),
(46, 'Llanquihue', 14),
(47, 'Chiloé', 14),
(48, 'Palena', 14),
(49, 'Coyhaique', 15),
(50, 'Aysén', 15),
(51, 'General Carrera', 15),
(52, 'Capitán Prat', 15),
(53, 'Última Esperanza', 16),
(54, 'Magallanes', 16),
(55, 'Tierra del Fuego', 16),
(56, 'Antártica Chilena', 16);

-- --------------------------------------------------------

--
-- Estructura de tabla para la tabla `regiones`
--

CREATE TABLE `regiones` (
  `id` int(11) NOT NULL,
  `region` varchar(64) NOT NULL,
  `abreviatura` varchar(4) NOT NULL,
  `capital` varchar(64) NOT NULL
) ENGINE=InnoDB DEFAULT CHARSET=utf8;

--
-- Volcado de datos para la tabla `regiones`
--

INSERT INTO `regiones` (`id`, `region`, `abreviatura`, `capital`) VALUES
(1, 'Arica y Parinacota', 'XV', 'Arica'),
(2, 'Tarapacá', 'I', 'Iquique'),
(3, 'Antofagasta', 'II', 'Antofagasta'),
(4, 'Atacama', 'III', 'Copiapó'),
(5, 'Coquimbo', 'IV', 'La Serena'),
(6, 'Valparaiso', 'V', 'valparaíso'),
(7, 'Metropolitana de Santiago', 'RM', 'Santiago'),
(8, 'Libertador General Bernardo O\'Higgins', 'VI', 'Rancagua'),
(9, 'Maule', 'VII', 'Talca'),
(10, 'Ñuble', 'XVI', 'Chillán'),
(11, 'Biobío', 'VIII', 'Concepción'),
(12, 'La Araucanía', 'IX', 'Temuco'),
(13, 'Los Ríos', 'XIV', 'Valdivia'),
(14, 'Los Lagos', 'X', 'Puerto Montt'),
(15, 'Aysén del General Carlos Ibáñez del Campo', 'XI', 'Coyhaique'),
(16, 'Magallanes y de la Antártica Chilena', 'XII', 'Punta Arenas');

-- --------------------------------------------------------

--
-- Estructura de tabla para la tabla `servicio`
--

CREATE TABLE `servicio` (
  `codigo` varchar(15) NOT NULL,
  `nombre` varchar(50) DEFAULT NULL,
  `descripcion` text NOT NULL,
  `precioVenta` mediumint(9) DEFAULT NULL
) ENGINE=InnoDB DEFAULT CHARSET=utf8mb4;

--
-- Volcado de datos para la tabla `servicio`
--

INSERT INTO `servicio` (`codigo`, `nombre`, `descripcion`, `precioVenta`) VALUES
('mantcomp', 'Mantención Compresor de Piston', 'Mantención Compresor de Piston\r\n', 58000),
('repdesm', 'Reparación desmontadora', 'Reparación desmontadora', 75000);

--
-- Índices para tablas volcadas
--

--
-- Indices de la tabla `categoria`
--
ALTER TABLE `categoria`
  ADD PRIMARY KEY (`codigo`);

--
-- Indices de la tabla `clientes`
--
ALTER TABLE `clientes`
  ADD PRIMARY KEY (`codigo_cliente`);

--
-- Indices de la tabla `comunas`
--
ALTER TABLE `comunas`
  ADD PRIMARY KEY (`id`);

--
-- Indices de la tabla `detalle_factura_compra`
--
ALTER TABLE `detalle_factura_compra`
  ADD PRIMARY KEY (`codigo_factura_compra`,`codigo_proveedor`,`codigo_producto`);

--
-- Indices de la tabla `detalle_factura_venta`
--
ALTER TABLE `detalle_factura_venta`
  ADD PRIMARY KEY (`codigo_factura_venta`,`codigo_cliente`,`codigo_producto`);

--
-- Indices de la tabla `factura_compra`
--
ALTER TABLE `factura_compra`
  ADD PRIMARY KEY (`codigo_factura_compra`,`codigo_proveedor`,`fecha_factura`,`hora_factura`) USING BTREE;

--
-- Indices de la tabla `factura_venta`
--
ALTER TABLE `factura_venta`
  ADD PRIMARY KEY (`codigo_factura_venta`,`codigo_cliente`,`fecha_factura`,`hora_factura`);

--
-- Indices de la tabla `precio`
--
ALTER TABLE `precio`
  ADD PRIMARY KEY (`codigo`,`codigo_producto`,`fecha`),
  ADD KEY `producto_ibfk_2` (`codigo_producto`);

--
-- Indices de la tabla `producto`
--
ALTER TABLE `producto`
  ADD PRIMARY KEY (`codigo`),
  ADD KEY `categoria` (`categoria`);

--
-- Indices de la tabla `proveedores`
--
ALTER TABLE `proveedores`
  ADD PRIMARY KEY (`codigo_proveedor`);

--
-- Indices de la tabla `provincias`
--
ALTER TABLE `provincias`
  ADD PRIMARY KEY (`id`);

--
-- Indices de la tabla `regiones`
--
ALTER TABLE `regiones`
  ADD PRIMARY KEY (`id`);

--
-- Indices de la tabla `servicio`
--
ALTER TABLE `servicio`
  ADD PRIMARY KEY (`codigo`);

--
-- AUTO_INCREMENT de las tablas volcadas
--

--
-- AUTO_INCREMENT de la tabla `categoria`
--
ALTER TABLE `categoria`
  MODIFY `codigo` tinyint(4) NOT NULL AUTO_INCREMENT, AUTO_INCREMENT=16;

--
-- AUTO_INCREMENT de la tabla `comunas`
--
ALTER TABLE `comunas`
  MODIFY `id` int(11) NOT NULL AUTO_INCREMENT, AUTO_INCREMENT=351;

--
-- AUTO_INCREMENT de la tabla `precio`
--
ALTER TABLE `precio`
  MODIFY `codigo` smallint(6) NOT NULL AUTO_INCREMENT, AUTO_INCREMENT=786;

--
-- AUTO_INCREMENT de la tabla `provincias`
--
ALTER TABLE `provincias`
  MODIFY `id` int(11) NOT NULL AUTO_INCREMENT, AUTO_INCREMENT=57;

--
-- AUTO_INCREMENT de la tabla `regiones`
--
ALTER TABLE `regiones`
  MODIFY `id` int(11) NOT NULL AUTO_INCREMENT, AUTO_INCREMENT=17;

--
-- Restricciones para tablas volcadas
--

--
-- Filtros para la tabla `precio`
--
ALTER TABLE `precio`
  ADD CONSTRAINT `producto_ibfk_2` FOREIGN KEY (`codigo_producto`) REFERENCES `producto` (`codigo`);

--
-- Filtros para la tabla `producto`
--
ALTER TABLE `producto`
  ADD CONSTRAINT `producto_ibfk_1` FOREIGN KEY (`categoria`) REFERENCES `categoria` (`codigo`);
COMMIT;

/*!40101 SET CHARACTER_SET_CLIENT=@OLD_CHARACTER_SET_CLIENT */;
/*!40101 SET CHARACTER_SET_RESULTS=@OLD_CHARACTER_SET_RESULTS */;
/*!40101 SET COLLATION_CONNECTION=@OLD_COLLATION_CONNECTION */;
